id,domain,query,intent,expected_tool,expected_params,note
1,vod,播放大生意人,vod_keyword_search,vod_search,"{""query"":{""field"":""title"",""value"":""大生意人""}}",标题-电视剧
2,vod,给我放战狼2,vod_keyword_search,vod_search,"{""query"":{""field"":""title"",""value"":""战狼2""}}",标题-电影
3,vod,放第1集哑巴新娘,vod_keyword_search,vod_search,"{""query"":{""field"":""title"",""value"":""哑巴新娘""}}",标题-电视剧集数
4,vod,生万物第3集第10分钟,vod_keyword_search,vod_search,"{""query"":{""field"":""title"",""value"":""生万物""}}",标题-电视剧集数+时间
5,vod,我要看海王第55分钟,vod_keyword_search,vod_search,"{""query"":{""field"":""title"",""value"":""海王""}}",标题-电影
6,vod,免费的电视剧英雄泪,vod_keyword_search,vod_search,"{""query"":{""and"":[{""field"":""title"",""value"":""英雄泪""},{""field"":""category"",""value"":""电视剧""},{""field"":""fee"",""value"":0}]}}",免费-标题
7,vod,请播黄河在咆哮谢谢,vod_keyword_search,vod_search,"{""query"":{""field"":""title"",""value"":""黄河在咆哮""}}",标题
8,vod,新出的陈翔六点半,vod_keyword_search,vod_search,"{""query"":{""field"":""title"",""value"":""陈翔六点半""},""sort"":{""new"":{""order"":""desc""}}}",标题
9,vod,小度小度播放电视剧用一生去爱你,vod_keyword_search,vod_search,"{""query"":{""and"":[{""field"":""title"",""value"":""用一生去爱你""},{""field"":""category"",""value"":""电视剧""}]}}",标题
10,vod,我要看庆余年第二季第三集,vod_keyword_search,vod_search,"{""query"":{""and"":[{""field"":""title"",""value"":""庆余年2""}]}}",标题
11,vod,你好请播放电视剧秘杀名单,vod_keyword_search,vod_search,"{""query"":{""and"":[{""field"":""title"",""value"":""秘杀名单""},{""field"":""category"",""value"":""电视剧""}]}}",标题
12,vod,播放电影封神第一部第34分,vod_keyword_search,vod_search,"{""query"":{""and"":[{""field"":""title"",""value"":""封神1""},{""field"":""category"",""value"":""电影""}]}}",标题
13,vod,播放不是VIP的最强大脑第七季第十集,vod_keyword_search,vod_search,"{""query"":{""and"":[{""field"":""title"",""value"":""最强大脑7""},{""field"":""fee"",""value"":0}]}}",标题
14,vod,找到人间世的纪录片全集,vod_keyword_search,vod_search,"{""query"":{""and"":[{""field"":""title"",""value"":""人间世""},{""field"":""category"",""value"":""纪录片""}]}}",标题
15,vod,以家人之名DVD版,vod_keyword_search,vod_search,"{""query"":{""and"":[{""field"":""title"",""value"":""以家人之名""},{""field"":""tag"",""value"":""DVD版""}]}}",版本
16,vod,真人版的狐妖小红娘,vod_keyword_search,vod_search,"{""query"":{""and"":[{""field"":""title"",""value"":""狐妖小红娘""},{""field"":""tag"",""value"":""真人版""}]}}",版本
17,vod,射雕英雄传八三版的,vod_vague_search,vod_slow_search_data_search,,版本
18,vod,小敏家TV版,vod_keyword_search,vod_search,"{""query"":{""and"":[{""field"":""title"",""value"":""小敏家""},{""field"":""tag"",""value"":""TV版""}]}}",版本
19,vod,老版上海滩,vod_keyword_search,vod_search,"{""query"":{""field"":""title"",""value"":""上海滩""}}",版本
20,vod,我要看小兵张嘎高清版,vod_vague_search,vod_slow_search_data_search,,版本
21,vod,我想看戏曲铡美案,vod_keyword_search,vod_search,"{""query"":{""and"":[{""field"":""title"",""value"":""铡美案""},{""field"":""tag"",""value"":""戏曲""}]}}",标题-戏曲
22,vod,请播放秦腔三滴血,vod_keyword_search,vod_search,"{""query"":{""field"":""title"",""values"":[""三滴血"",""秦腔""],""operator"":""and""}}",标题-戏曲
23,vod,专题片将改革进行到底,vod_keyword_search,vod_search,"{""query"":{""field"":""title"",""value"":""将改革进行到底""}}",类型+标题
24,vod,BBC纪录片,vod_keyword_search,vod_search,"{""query"":{""and"":[{""field"":""company"",""value"":""BBC""},{""field"":""category"",""value"":""纪录片""}]}}",出品
25,vod,湖南卫视出品的综艺,vod_keyword_search,vod_search,"{""query"":{""and"":[{""field"":""channel"",""value"":""湖南卫视""},{""field"":""category"",""value"":""综艺""}]}}",出品
26,vod,正午阳光出品的电视剧,vod_vague_search,vod_slow_search_data_search,"{""query"":{""and"":[{""field"":""company"",""value"":""正午阳光""},{""field"":""category"",""value"":""电视剧""}]}}",出品
27,vod,cctv8近年来收视最高的剧,vod_qa,vod_slow_search_data_search,,出品
28,vod,我想看电视台同步在播的剧,vod_keyword_search,vod_search,"{""query"":{""and"":[{""field"":""category"",""value"":""电视剧""},{""field"":""is_over"",""value"":0}]}}",出品
29,vod,光线传媒2025年有哪些电影,vod_keyword_search,vod_search,"{""query"":{""and"":[{""field"":""company"",""value"":""光线传媒""},{""field"":""category"",""value"":""电影""},{""field"":""release_year"",""from"":""20250101"",""to"":""20251231""}]}}",出品
30,vod,张艺谋导演的抗战片,vod_keyword_search,vod_search,"{""query"":{""and"":[{""field"":""director"",""value"":""张艺谋""},{""field"":""tag"",""value"":""抗战""},{""field"":""category"",""value"":""电影""}]}}",导演
31,vod,查找斯皮尔伯格导演的电影,vod_keyword_search,vod_search,"{""query"":{""and"":[{""field"":""director"",""value"":""斯皮尔伯格""},{""field"":""category"",""value"":""电影""}]}}",导演
32,vod,郑晓龙导演的古装剧,vod_keyword_search,vod_search,"{""query"":{""and"":[{""field"":""director"",""value"":""郑晓龙""},{""field"":""tag"",""value"":""古装""},{""field"":""category"",""value"":""电视剧""}]}}",导演
33,vod,陈晓卿导演的纪录片,vod_keyword_search,vod_search,"{""query"":{""and"":[{""or"":[{""field"":""director"",""value"":""陈晓卿""},{""field"":""title"",""value"":""陈晓卿""}]},{""field"":""category"",""value"":""纪录片""}]}}",导演
34,vod,TVB新剧,vod_keyword_search,vod_search,"{""query"":{""and"":[{""field"":""company"",""value"":""tvb""},{""field"":""category"",""value"":""电视剧""}]},""sort"":{""new"":{""order"":""desc""}}}",地区
35,vod,我想看韩剧,vod_keyword_search,vod_search,"{""query"":{""and"":[{""field"":""area"",""value"":""韩国""},{""field"":""category"",""value"":""电视剧""}]}}",地区
36,vod,美国大片,vod_keyword_search,vod_search,"{""query"":{""and"":[{""field"":""area"",""value"":""美国""},{""field"":""category"",""value"":""电影""}]}}",地区
37,vod,播放好莱坞电影,vod_keyword_search,vod_search,"{""query"":{""and"":[{""field"":""category"",""value"":""电影""},{""field"":""company"",""value"":""好莱坞""}]}}",地区
38,vod,港台电影,vod_keyword_search,vod_search,"{""query"":{""and"":[{""field"":""area"",""value"":""港台""},{""field"":""category"",""value"":""电影""}]}}",地区
39,vod,台湾偶像剧,vod_keyword_search,vod_search,"{""query"":{""and"":[{""field"":""area"",""value"":""台湾""},{""field"":""category"",""value"":""偶像剧""}]}}",地区+类型
40,vod,美国科幻电影,vod_keyword_search,vod_search,"{""query"":{""and"":[{""field"":""area"",""value"":""美国""},{""field"":""category"",""value"":""电影""},{""field"":""tag"",""value"":""科幻""}]}}",地区+类型
41,vod,好看的内地恋爱综艺,vod_quality_search,vod_search,"{""query"":{""and"":[{""field"":""area"",""value"":""内地""},{""field"":""category"",""value"":""综艺""},{""field"":""tag"",""value"":""恋爱体验""}]},""sort"":{""hot"":{""order"":""desc""}}}",地区+类型
42,vod,我要看免费的影片,vod_keyword_search,vod_search,"{""query"":{""and"":[{""field"":""category"",""value"":""电影""},{""field"":""fee"",""value"":0}]}}",免费
43,vod,免费又好看的电视剧,vod_quality_search,vod_search,"{""query"":{""and"":[{""field"":""category"",""value"":""电视剧""},{""field"":""fee"",""value"":0}]},""sort"":{""hot"":{""order"":""desc""}}}",免费
44,vod,播放不要VIP的鬼片儿,vod_keyword_search,vod_search,"{""query"":{""and"":[{""field"":""category"",""value"":""电影""},{""field"":""tag"",""value"":""恐怖""},{""field"":""fee"",""value"":0}]}}",免费
45,vod,不用花钱就能看的连续剧,vod_keyword_search,vod_search,"{""query"":{""and"":[{""field"":""category"",""value"":""电视剧""},{""field"":""fee"",""value"":0}]}}",免费
46,vod,帮我放VIP能看的电影,vod_keyword_search,vod_search,"{""query"":{""and"":[{""field"":""category"",""value"":""电影""},{""field"":""fee"",""value"":1}]}}",付费
47,vod,VIP的视频,vod_keyword_search,vod_search,"{""query"":{""and"":[{""field"":""category"",""values"":[""电影"",""电视剧""],""operator"":""or""},{""field"":""fee"",""value"":1}]}}",付费
48,vod,付费才能看的电视剧,vod_qa,vod_slow_search_data_search,"{""query"":{""and"":[{""field"":""category"",""value"":""电视剧""},{""field"":""fee"",""value"":1}]}}",付费
49,vod,会员电影,vod_keyword_search,vod_search,"{""query"":{""and"":[{""field"":""category"",""value"":""电影""},{""field"":""fee"",""value"":1}]}}",付费
50,vod,奥斯卡获奖的影片,vod_keyword_search,vod_search,"{""query"":{""and"":[{""field"":""prize"",""value"":""奥斯卡""},{""field"":""category"",""value"":""电影""}]}}",奖项
51,vod,获得香港电影金像奖的电影,vod_keyword_search,vod_search,"{""query"":{""and"":[{""field"":""prize"",""value"":""香港电影金像奖""},{""field"":""category"",""value"":""电影""}]}}",奖项
52,vod,金鹰奖获的奖电视剧,vod_keyword_search,vod_search,"{""query"":{""and"":[{""field"":""prize"",""value"":""金鹰奖""},{""field"":""category"",""value"":""电视剧""}]}}",奖项
53,vod,有许三多的那部电视剧,vod_keyword_search,vod_search,"{""query"":{""and"":[{""field"":""role"",""value"":""许三多""},{""field"":""category"",""value"":""电视剧""}]}}",角色
54,vod,搜索詹姆斯·邦德的电影,vod_keyword_search,vod_search,"{""query"":{""and"":[{""field"":""role"",""value"":""詹姆斯·邦德""},{""field"":""category"",""value"":""电影""}]}}",角色
55,vod,播放吴石将军的电视剧,vod_keyword_search,vod_search,"{""query"":{""and"":[{""field"":""role"",""value"":""吴石""},{""field"":""category"",""value"":""电视剧""}]}}",角色
56,vod,我想看电影,vod_keyword_search,vod_search,"{""query"":{""field"":""category"",""value"":""电影""}}",分类
57,vod,打开要会员的电视剧,vod_vague_search,vod_slow_search_data_search,,分类
58,vod,综艺节目,vod_keyword_search,vod_search,"{""query"":{""field"":""category"",""value"":""综艺""}}",分类
59,vod,看免费恐怖悬疑电影,vod_keyword_search,vod_search,"{""query"":{""and"":[{""field"":""category"",""value"":""电影""},{""or"":[{""field"":""title"",""value"":""恐怖""},{""field"":""tag"",""value"":""恐怖""}]},{""field"":""tag"",""value"":""悬疑""},{""field"":""fee"",""value"":0}]}}",类型
60,vod,最新抗日电影,vod_keyword_search,vod_search,"{""query"":{""and"":[{""field"":""category"",""value"":""电影""},{""field"":""tag"",""value"":""抗日""}]},""sort"":{""new"":{""order"":""desc""}}}",类型
61,vod,播放言情剧,vod_keyword_search,vod_search,"{""query"":{""and"":[{""field"":""category"",""value"":""电视剧""},{""field"":""tag"",""value"":""言情""}]}}",类型
62,vod,播放仙侠电视剧,vod_keyword_search,vod_search,"{""query"":{""and"":[{""field"":""category"",""value"":""电视剧""},{""field"":""tag"",""value"":""仙侠""}]}}",类型
63,vod,我想看相声喜剧,vod_keyword_search,vod_search,"{""query"":{""field"":""category"",""value"":""相声喜剧""}}",类型
64,vod,播安徽小调,vod_keyword_search,vod_search,"{""query"":{""field"":""title"",""value"":""安徽民间小调""}}",类型
65,vod,我要看免费的打仗的电视剧,vod_keyword_search,vod_search,"{""query"":{""and"":[{""field"":""category"",""value"":""电视剧""},{""field"":""tag"",""value"":""战争""},{""field"":""fee"",""value"":0}]}}",类型
66,vod,香港破案片,vod_keyword_search,vod_search,"{""query"":{""and"":[{""field"":""area"",""value"":""香港""},{""field"":""category"",""value"":""电影""},{""field"":""tag"",""value"":""破案""}]}}",类型
67,vod,最近的免费缉毒电视剧,vod_keyword_search,vod_search,"{""query"":{""and"":[{""field"":""category"",""value"":""电视剧""},{""field"":""tag"",""value"":""缉毒""},{""field"":""fee"",""value"":0}]},""sort"":{""new"":{""order"":""desc""}}}",类型
68,vod,播放高评分电视剧,vod_keyword_search,vod_search,"{""query"":{""field"":""category"",""value"":""电视剧""},""sort"":{""rate"":{""order"":""desc""}}}",评分
69,vod,豆瓣7分以上的电视剧,vod_keyword_search,vod_search,,评分
70,vod,看免费高分综艺,vod_keyword_search,vod_search,"{""query"":{""and"":[{""field"":""category"",""value"":""综艺""},{""field"":""fee"",""value"":0}]},""sort"":{""rate"":{""order"":""desc""}}}",评分
71,vod,豆瓣高于8分的电影,vod_keyword_search,vod_search,"{""query"":{""and"":[{""field"":""category"",""value"":""电视剧""},{""field"":""rate"",""from"":8.0}]}}",评分
72,vod,最新的豆瓣评分高的电视剧,vod_keyword_search,vod_search,"{""query"":{""field"":""category"",""value"":""电视剧""},""sort"":{""new"":{""order"":""desc""},""rate"":{""order"":""desc""}}}",评分
73,vod,刘德华豆瓣评分高的电影,vod_keyword_search,vod_search,"{""query"":{""field"":""category"",""value"":""电视剧""},""sort"":{""new"":{""order"":""desc""},""rate"":{""order"":""desc""}}}",评分
74,vod,评分在8.5到9分之间的影片,vod_keyword_search,vod_search,"{""query"":{""and"":[{""field"":""category"",""value"":""电影""},{""field"":""rate"",""from"":8.5,""to"":9.0}]}}",评分
75,vod,打开腾讯视频播放白日提灯 （搜索newtv极光的白日提灯）,vod_keyword_search,vod_search,"{""query"":{""and"":[{""field"":""vender_name"",""value"":""newtv极光""},{""field"":""title"",""value"":""白日提灯""}]}}",平台
76,vod,在爱奇艺里面播放人世间 （播放爱奇艺的人世间）,vod_keyword_search,vod_search,"{""query"":{""and"":[{""field"":""vender_name"",""value"":""爱奇艺""},{""field"":""title"",""value"":""人世间""}]}}",平台
77,vod,芒果TV新上的综艺,vod_keyword_search,vod_search,"{""query"":{""and"":[{""field"":""vender_name"",""value"":""芒果TV""},{""field"":""category"",""value"":""综艺""}]},""sort"":{""new"":{""order"":""desc""}}}",平台
78,vod,评书岳飞传刘兰芳,vod_vague_search,vod_slow_search_data_search,,评书+演员+标题
79,vod,单田芳评书,vod_keyword_search,vod_search,"{""query"":{""field"":""title"",""value"":""单田芳评书""}}",评书+演员
80,vod,快板表演视频,vod_vague_search,vod_slow_search_data_search,,快板
81,vod,张志宽的快板《立井架》,vod_qa,vod_slow_search_data_search,,快板+演员
82,vod,搜索浙江卫视的王牌对王牌,vod_keyword_search,vod_search,"{""query"":{""and"":[{""field"":""channel"",""value"":""浙江卫视""},{""field"":""title"",""value"":""王牌对王牌""}]}}",频道
83,vod,收看湖南卫视的乘风破浪的姐姐,vod_keyword_search,vod_search,"{""query"":{""and"":[{""field"":""channel"",""value"":""湖南卫视""},{""field"":""title"",""value"":""乘风破浪的姐姐""}]}}",频道
84,vod,放中央一台连续剧,vod_keyword_search,vod_search,"{""query"":{""and"":[{""field"":""channel"",""value"":""中央一台""},{""field"":""category"",""value"":""电视剧""}]}}",频道
85,vod,播放山东卫视的电视剧,vod_keyword_search,vod_search,"{""query"":{""and"":[{""field"":""channel"",""value"":""山东卫视""},{""field"":""category"",""value"":""电视剧""}]}}",频道
86,vod,4K的外国电影,vod_keyword_search,vod_search,"{""query"":{""and"":[{""field"":""definition"",""value"":""is_4k""},{""field"":""area"",""value"":""外国""},{""field"":""category"",""value"":""电影""}]}}",清晰度
87,vod,超高清电视节目,vod_vague_search,vod_slow_search_data_search,,清晰度
88,vod,杜比全景声的电影,vod_keyword_search,vod_search,"{""query"":{""and"":[{""field"":""sound"",""value"":""杜比全景声""},{""field"":""category"",""value"":""电影""}]}}",清晰度
89,vod,打开3d视频,vod_keyword_search,vod_search,"{""query"":{""field"":""definition"",""value"":""is_3d""}}",拍摄技术
90,vod,全景拍摄的电影,vod_vague_search,vod_slow_search_data_search,,拍摄技术
91,vod,3d版 电影,vod_keyword_search,vod_search,"{""query"":{""and"":[{""field"":""definition"",""value"":""is_3d""},{""field"":""category"",""value"":""电影""}]}}",拍摄技术
92,vod,推荐一些适合心情低落时观看的电影吧,vod_vague_search,vod_slow_search_data_search,,心情\情绪
93,vod,找几部能缓解工作压力的电影吧,vod_vague_search,vod_slow_search_data_search,,心情\情绪
94,vod,郭德纲儿子最近上的一部剧,vod_keyword_search,vod_search,"{""query"":{""and"":[{""field"":""actor"",""value"":""郭麒麟""},{""field"":""category"",""value"":""电视剧""}]},""sort"":{""new"":{""order"":""desc""}}}",人物关系
95,vod,我想看孙俪老公的电影,vod_keyword_search,vod_search,"{""query"":{""and"":[{""field"":""actor"",""value"":""邓超""},{""field"":""category"",""value"":""电影""}]}}",人物关系
96,vod,八十年代的武侠片,vod_keyword_search,vod_search,"{""query"":{""and"":[{""field"":""release_year"",""from"":""19800101"",""to"":""19891231""},{""or"":[{""field"":""title"",""value"":""武侠""},{""field"":""tag"",""value"":""武侠""}]},{""field"":""category"",""value"":""电影""}]}}",时间
97,vod,我要看今年的综艺,vod_keyword_search,vod_search,,时间
98,vod,播放2018年爱情保卫战,vod_keyword_search,vod_search,,时间
99,vod,23年纪录片无辣不欢,vod_keyword_search,vod_search,,时间
100,vod,前年的电影,vod_keyword_search,vod_search,,时间
101,vod,我想看北美2006年上映电影,vod_keyword_search,vod_search,"{""query"":{""and"":[{""field"":""area"",""value"":""北美""},{""field"":""release_year"",""from"":""20060101"",""to"":""20061231""},{""field"":""category"",""value"":""电影""}]}}",时间
102,vod,本年度悬疑大片,vod_keyword_search,vod_search,,时间
103,vod,方中信90年代的电影,vod_keyword_search,vod_search,"{""query"":{""and"":[{""field"":""actor"",""value"":""方中信""},{""field"":""release_year"",""from"":""19900101"",""to"":""19991231""},{""field"":""category"",""value"":""电影""}]}}",时间+演员
104,vod,找一些长辈爱看的影视剧,vod_vague_search,vod_slow_search_data_search,,受众
105,vod,适合全家人一起看的电视剧,vod_vague_search,vod_slow_search_data_search,,受众
106,vod,适合女生看的电影,vod_vague_search,vod_slow_search_data_search,,受众
107,vod,适合孕期看的开心电影或电视剧,vod_vague_search,vod_slow_search_data_search,,受众
108,vod,有没有适合单身看的电影,vod_vague_search,vod_slow_search_data_search,,受众
109,vod,推荐点好看的,vod_vague_search,vod_slow_search_data_search,,推荐
110,vod,最近流行看什么,vod_quality_search,vod_search,,推荐
111,vod,春晚歌舞节目,vod_keyword_search,vod_search,,晚会
112,vod,2025抖音美好奇妙夜,vod_keyword_search,vod_search,,晚会
113,vod,播放BILIBILI跨年演唱会,vod_keyword_search,vod_slow_search_data_search,,晚会
114,vod,我想看蛇年春晚,vod_qa,vod_slow_search_data_search,,晚会
115,vod,中央广播电视总台2025年春节联欢晚会,vod_keyword_search,vod_slow_search_data_search,,晚会
116,vod,90年代的香港免费武侠电视剧,vod_keyword_search,vod_search,"{""query"":{""and"":[{""field"":""release_year"",""from"":""19900101"",""to"":""19991231""},{""field"":""area"",""value"":""香港""},{""field"":""fee"",""value"":0},{""or"":[{""field"":""title"",""value"":""武侠""},{""field"":""tag"",""value"":""武侠""}]},{""field"":""category"",""value"":""电视剧""}]}}",维度组合
117,vod,高分的欧美爱情电影,vod_keyword_search,vod_search,"{""query"":{""and"":[{""field"":""area"",""value"":""欧美""},{""field"":""tag"",""value"":""爱情""},{""field"":""category"",""value"":""电影""}]},""sort"":{""rate"":{""order"":""desc""}}}",维度组合
118,vod,赵文卓参演的香港武侠片,vod_keyword_search,vod_search,"{""query"":{""and"":[{""field"":""actor"",""value"":""赵文卓""},{""field"":""area"",""value"":""香港""},{""or"":[{""field"":""title"",""value"":""武侠""},{""field"":""tag"",""value"":""武侠""}]},{""field"":""category"",""value"":""电影""}]}}",维度组合
119,vod,去年大陆的纪录片,vod_keyword_search,vod_search,"{""query"":{""and"":[{""field"":""release_year"",""from"":""20250101"",""to"":""20251231""},{""field"":""area"",""value"":""大陆""},{""field"":""category"",""value"":""纪录片""}]}}",维度组合
120,vod,大型人文纪录片汉字五千年,vod_keyword_search,vod_search,"{""query"":{""and"":[{""field"":""title"",""value"":""汉字五千年""},{""field"":""tag"",""value"":""人文""},{""field"":""category"",""value"":""纪录片""}]}}",维度组合
121,vod,今年播出的内地美食相关的纪录片,vod_keyword_search,vod_search,"{""query"":{""and"":[{""field"":""release_year"",""from"":""20260101"",""to"":""20260710""},{""field"":""area"",""value"":""内地""},{""field"":""tag"",""value"":""美食""},{""field"":""category"",""value"":""纪录片""}]}}",维度组合
122,vod,汤姆克鲁斯主演的美国科幻片,vod_keyword_search,vod_search,"{""query"":{""and"":[{""field"":""actor"",""value"":""汤姆克鲁斯""},{""field"":""area"",""value"":""美国""},{""field"":""tag"",""value"":""科幻""},{""field"":""category"",""value"":""电影""}]}}",维度组合
123,vod,马里奥毛瑞尔主演的泰国爱情喜剧电影,vod_keyword_search,vod_search,"{""query"":{""and"":[{""field"":""actor"",""value"":""马里奥毛瑞尔""},{""field"":""area"",""value"":""泰国""},{""field"":""tag"",""values"":[""爱情"",""喜剧""],""operator"":""and""},{""field"":""category"",""value"":""电影""}]}}",维度组合
124,vod,搜索2021年播出的韩国校园青春剧,vod_keyword_search,vod_search,"{""query"":{""and"":[{""field"":""release_year"",""from"":""20210101"",""to"":""20211231""},{""field"":""area"",""value"":""韩国""},{""field"":""tag"",""values"":[""校园"",""青春""],""operator"":""and""},{""field"":""category"",""value"":""电视剧""}]}}",维度组合
125,vod,阿里巴巴影业出品的爱国题材电影,vod_vague_search,vod_slow_search_data_search,,维度组合
126,vod,2016年章子怡拍的好莱坞电影,vod_keyword_search,vod_search,"{""query"":{""and"":[{""field"":""release_year"",""from"":""20160101"",""to"":""20161231""},{""field"":""actor"",""value"":""章子怡""},{""field"":""company"",""value"":""好莱坞""},{""field"":""category"",""value"":""电影""}]}}",维度组合
127,vod,播放王牌对王牌第八季最新一期的第三十分钟,vod_keyword_search,vod_search,,维度组合
128,vod,小s和蔡康永一起主持的台湾综艺,vod_keyword_search,vod_slow_search_data_search,,维度组合
129,vod,最新的热播剧,vod_keyword_search,vod_search,,新热
130,vod,最近比较火的喜剧综艺,vod_keyword_search,vod_search,,新热
131,vod,新出的电影,vod_keyword_search,vod_search,,新热
132,vod,搜索白鹿的新剧,vod_keyword_search,vod_search,,演员
133,vod,宋佳的电影,vod_keyword_search,vod_search,,演员
134,vod,王珮瑜参加过的综艺,vod_keyword_search,vod_search,,演员
135,vod,请播放有张子健主演的电视连续剧,vod_keyword_search,vod_search,,演员
136,vod,帮我搜索赵露思演过的综艺,vod_keyword_search,vod_search,,演员
137,vod,请播放孙红雷的潜伏,vod_keyword_search,vod_search,,演员+标题
138,vod,帮我找贾冰主演的奇遇,vod_keyword_search,vod_search,,演员+标题
139,vod,周星驰的功夫,vod_keyword_search,vod_search,,演员+标题
140,vod,易烊千玺参演的战争片,vod_keyword_search,vod_search,,演员+类型
141,vod,播放林正英鬼片电影,vod_keyword_search,vod_search,,演员+类型
142,vod,播放于震演的谍战电视剧,vod_keyword_search,vod_search,,演员+类型
143,vod,适合劳动节看的电影,vod_vague_search,vod_slow_search_data_search,,节日
144,vod,适合建党节，学生看的电影,vod_vague_search,vod_slow_search_data_search,,节日
145,vod,八一建军节电影推荐,vod_vague_search,vod_slow_search_data_search,,节日
146,vod,适合跨年的看的喜剧片单,vod_vague_search,vod_slow_search_data_search,,节日
147,vod,看电视剧山海情原声版,vod_keyword_search,vod_search,,语言
148,vod,免费的粤语电视剧,vod_keyword_search,vod_search,,语言
149,vod,美国队长三中文版,vod_keyword_search,vod_search,,语言
150,vod,繁花沪语版,vod_keyword_search,vod_search,"{""query"":{""field"":""title"",""value"":""繁花""}}",语言
151,vod,搜索方言的情景喜剧,vod_keyword_search,vod_search,"{""query"":{""and"":[{""field"":""category"",""value"":""情景喜剧""},{""field"":""language"",""value"":""方言""}]}}",语言
152,vod,继续播放我家那闺女第二季,vod_history,vod_search,,标题
153,vod,重庆谍战接着放,vod_keyword_search,vod_search,,标题
154,vod,沈腾和马丽的春晚小品,vod_keyword_search,vod_search,,演员+小品
155,vod,郭德纲和于谦的相声,vod_keyword_search,vod_search,,演员+相声
156,vod,小品小崔说事,vod_vague_search,vod_slow_search_data_search,,小品标题
157,vod,相声像我这样的人,vod_keyword_search,vod_search,"{""query"":{""and"":[{""field"":""title"",""value"":""像我这样的人""},{""field"":""category"",""value"":""相声""}]}}",相声标题
158,vod,赵丽蓉的小品打工奇遇,vod_keyword_search,vod_search,"{""query"":{""and"":[{""field"":""actor"",""value"":""赵丽蓉""},{""field"":""title"",""value"":""打工奇遇""},{""field"":""category"",""value"":""小品""}]}}",演员+小品
159,vod,评书隋唐演义,vod_vague_search,vod_slow_search_data_search,,评书标题
160,vod,刘谦变魔术视频,vod_keyword_search,vod_search,,演员+魔术
161,vod,漩涡视频,vod_keyword_search,vod_search,"{""query"":{""field"":""title"",""value"":""漩涡""}}",标题
162,vod,我想看电影长安的荔枝3分09秒的全屏,vod_keyword_search,vod_search,"{""query"":{""and"":[{""field"":""title"",""value"":""长安的荔枝""},{""field"":""category"",""value"":""电影""}]}}",标题
163,vod,汪汪队大电影二环球大冒险,vod_keyword_search,vod_search,,标题+子标题
164,vod,播放深情眼泰语版,vod_vague_search,vod_slow_search_data_search,,标题+语言
165,vod,找还在更新中的电视剧,vod_keyword_search,vod_search,"{""query"":{""and"":[{""field"":""category"",""value"":""电视剧""},{""field"":""is_over"",""value"":0}]}}",播放状态
166,vod,已完结的电视剧,vod_keyword_search,vod_search,"{""query"":{""and"":[{""field"":""category"",""value"":""电视剧""},{""field"":""is_over"",""value"":1}]}}",播放状态
167,vod,看下即将上线的待播剧,vod_vague_search,vod_slow_search_data_search,,播放状态
168,vod,冰雪奇缘音乐剧,vod_vague_search,vod_slow_search_data_search,,舞台剧
169,vod,歌剧小二黑结婚,vod_vague_search,vod_slow_search_data_search,,舞台剧
170,vod,播放茶馆话剧,vod_vague_search,vod_slow_search_data_search,,舞台剧
171,vod,免费音乐剧,vod_vague_search,vod_slow_search_data_search,,舞台剧
172,vod,阿云嘎演的音乐剧风声,vod_vague_search,vod_slow_search_data_search,,舞台剧
173,vod,音乐剧悲惨世界,vod_vague_search,vod_slow_search_data_search,,舞台剧
174,vod,不想看成龙的动作电影,vod_keyword_search,vod_search,,否定搜索
175,vod,不想看恐怖片了,vod_keyword_search,vod_search,,否定搜索
176,vod,我想看电影，不要刘德华的，不要香港的，不要动作的,vod_qa,vod_slow_search_data_search,"{""query"":{""and"":[{""field"":""category"",""value"":""电影""},{""not"":{""or"":[{""field"":""actor"",""value"":""刘德华""},{""field"":""area"",""value"":""香港""},{""field"":""tag"",""value"":""动作""}]}}]}}",否定搜索
177,vod,帮我找神雕侠侣的电视剧，不要黄晓明版,vod_keyword_search,vod_search,,否定搜索
178,vod,别给我搜白鹿的古装剧了,vod_keyword_search,vod_search,,否定搜索
179,vod,近期电视上热映的电影,vod_keyword_search,vod_search,,新热
180,vod,目前最火的综艺,vod_keyword_search,vod_search,,新热
181,vod,最热的国外纪录片,vod_keyword_search,vod_search,,新热
182,vod,请搜索正在热播的电视剧,vod_keyword_search,vod_search,,新热
183,vod,海外评分最高的华语剧,vod_keyword_search,vod_search,,新热
184,vod,新出的好看的电视纪录片,vod_quality_search,vod_search,,新热
185,vod,2025最新出的恋爱综艺,vod_keyword_search,vod_search,,新热
186,vod,本周新播出的国产剧推荐,vod_vague_search,vod_slow_search_data_search,,新热
187,vod,狙击手电影短片,vod_keyword_search,vod_search,,衍生OST\花絮
188,vod,灿烂的她电影解说,vod_keyword_search,vod_search,,衍生OST\花絮
189,vod,我们的当打之年花絮,vod_keyword_search,vod_search,,衍生OST\花絮
190,vod,风与潮的片花,vod_keyword_search,vod_search,,衍生OST\花絮
191,vod,音乐缘计划2发布会视频,vod_keyword_search,vod_search,,衍生OST\花絮
192,vod,我想看一笑随歌宣传片视频,vod_keyword_search,vod_search,,衍生OST\花絮
193,vod,看看浪浪人生的预告片,vod_keyword_search,vod_search,,衍生OST\花絮
194,vod,王丽京的评剧视频,vod_keyword_search,vod_search,,戏曲+演员
195,vod,张新芳演唱的曲剧陈三两爬堂全集,vod_keyword_search,vod_search,,戏曲+演员
196,vod,打金枝刘忠河的唱段,vod_qa,vod_slow_search_data_search,,戏曲+演员
197,vod,有没有张国立或张嘉益演的家庭剧,vod_keyword_search,vod_search,,演员+类型
198,vod,播放孟非主持的新相亲大会,vod_keyword_search,vod_search,,主持人+标题
199,vod,沈腾马丽合演的搞笑电影,vod_keyword_search,vod_search,,演员+类型
200,vod,潘长江的小品过河,vod_keyword_search,vod_search,,演员+小品+标题
201,vod,酱油白米饭的搞笑视频大挑战,vod_vague_search,vod_slow_search_data_search,,网红
202,vod,我想看听泉赏宝的连线视频,vod_vague_search,vod_slow_search_data_search,,网红
203,vod,辩论赛经典视频,vod_keyword_search,vod_search,,辩论赛
204,vod,詹青云辩论赛免费观看,vod_keyword_search,vod_search,,辩论赛
205,vod,播放天津大学辩论赛视频,vod_vague_search,vod_slow_search_data_search,,辩论赛
206,vod,适合10到14岁看的纪录片,vod_keyword_search,vod_search,,年龄
207,vod,18岁以下看的电影,vod_keyword_search,vod_search,,年龄
208,vod,香格里拉纪录片,vod_keyword_search,vod_search,,地名
209,vod,唐山电影,vod_vague_search,vod_slow_search_data_search,,地名
210,vod,最新的脱口秀节目,vod_keyword_search,vod_search,,脱口秀
211,vod,笑果文化的脱口秀节目,vod_vague_search,vod_slow_search_data_search,,脱口秀
212,vod,白玉兰奖颁奖晚会,vod_vague_search,vod_slow_search_data_search,,颁奖典礼
213,vod,2025金鸡奖颁奖典礼视频完整版,vod_keyword_search,vod_search,,颁奖典礼
214,vod,获得白玉兰奖最佳女主角的电视剧,vod_keyword_search,vod_search,,最佳男\女主角
215,vod,获得香港金像奖最佳男主角的影片,vod_vague_search,vod_slow_search_data_search,,最佳男\女主角
216,vod,打开免费电视,vod_keyword_search,vod_search,,综合
217,vod,影视集锦,vod_vague_search,vod_slow_search_data_search,,综合
218,vod,放免费的戏,vod_keyword_search,vod_search,,综合
219,vod,适合炎热晴天看的电影有哪些,vod_vague_search,vod_slow_search_data_search,,天气\气候
220,vod,适合冬天追的韩剧有什么,vod_vague_search,vod_slow_search_data_search,,天气\气候
221,vod,这个周末阴雨连绵，找几部适合宅在家里看的电影呗,vod_vague_search,vod_slow_search_data_search,,天气\气候
222,vod,“臣妾做不到啊”出自哪部电视剧？,vod_vague_search,vod_slow_search_data_search,,台词
223,vod,“不抛弃，不放弃！”是哪部剧里的台词,vod_vague_search,vod_slow_search_data_search,,台词
224,vod,老默吃鱼了是哪部电视剧的,vod_vague_search,vod_slow_search_data_search,,台词
225,vod,犯我中华者虽远必诛出现在哪个片子里,vod_vague_search,vod_slow_search_data_search,,台词
226,vod,“打得一拳开，免得百拳来”这句台词来自哪部电影,vod_vague_search,vod_slow_search_data_search,,台词
227,vod,“黎叔很生气，后果很严重”是什么电影，给我找出来,vod_vague_search,vod_slow_search_data_search,,台词
228,vod,“珊瑚礁是海洋的雨林”是哪部纪录片里的台词,vod_vague_search,vod_slow_search_data_search,,台词
229,vod,家财万贯，日食不过三餐。这句台词在哪部纪录片里说过,vod_vague_search,vod_slow_search_data_search,,台词
230,vod,刑警安欣与高启强正邪较量的连续剧,vod_keyword_search,vod_search,,剧情
231,vod,讲述一幢楼里面的五个女孩工作生活的电视剧,vod_vague_search,vod_slow_search_data_search,,剧情
232,vod,根据张桂梅真实事迹改编的电视剧,vod_qa,vod_slow_search_data_search,,剧情
233,vod,一群蓝色的人骑着大鸟的电影是什么,vod_vague_search,vod_slow_search_data_search,,剧情
234,vod,根据川航航班备降成都事件改编的电影,vod_qa,vod_slow_search_data_search,,剧情
235,vod,四个小妖怪在组团后进行西行冒险之旅的电影,vod_keyword_search,vod_search,,剧情
236,vod,朱一龙主演的把妻子推到海底的电影,vod_vague_search,vod_slow_search_data_search,,剧情
237,vod,描写律师职场工作的综艺,vod_vague_search,vod_slow_search_data_search,,剧情
238,vod,找一些跨龄旅行的生活体验真人秀节目,vod_keyword_search,vod_search,,剧情
239,vod,我想看讲述中国各领域杰出人物的纪录片,vod_vague_search,vod_slow_search_data_search,,剧情
240,vod,找一部聚焦医疗、生死与人性的纪录片,vod_vague_search,vod_slow_search_data_search,,剧情
241,vod,催人泪下的剧情片,vod_vague_search,vod_slow_search_data_search,,
242,vod,春节全家必看暖心电影,vod_vague_search,vod_slow_search_data_search,,
243,vod,播放所有免费关于觉醒异能的视频,vod_vague_search,vod_slow_search_data_search,,
244,vod,播放穿越攻略免费短剧,vod_vague_search,vod_slow_search_data_search,,
245,vod,给我推荐一个免费的萌娃短剧,vod_vague_search,vod_slow_search_data_search,,
246,vod,和对象一起看的什么电影比较好,vod_vague_search,vod_slow_search_data_search,,
247,vod,假期看的纪录片推荐,vod_vague_search,vod_slow_search_data_search,,
248,vod,关于苗族非遗文化的纪录片,vod_vague_search,vod_slow_search_data_search,,
249,vod,和甄嬛传类似的电视剧,vod_relate_recommend,vod_relate_recommend,,
250,vod,跟《大染坊》系列类似的电视剧,vod_relate_recommend,vod_relate_recommend,,
251,vod,类似《赘婿》的剧,vod_relate_recommend,vod_relate_recommend,,
252,vod,有没有类似盗梦空间的电影,vod_relate_recommend,vod_relate_recommend,,
253,vod,推荐跟冰雪奇缘相近的影片,vod_relate_recommend,vod_relate_recommend,,
254,vod,和阿凡达类似的电影,vod_relate_recommend,vod_relate_recommend,,
255,vod,类型和《航拍中国》一样的纪录片,vod_relate_recommend,vod_relate_recommend,,
256,vod,类似舌尖上的中国的美食视频,video_vague_search,vod_slow_search_data_search,,
257,vod,题材跟《中国好声音》相似的综艺节目,vod_relate_recommend,vod_relate_recommend,,
258,vod,跟最强大脑相似的综艺有哪些,vod_relate_recommend,vod_relate_recommend,,
259,vod,根据我的兴趣推荐几部剧,vod_personalized_recommend,vod_personalized_recommend,,
260,vod,结合我的喜好推荐电视剧,vod_personalized_recommend,vod_personalized_recommend,,
261,vod,帮我找符合我偏好的电视剧,vod_personalized_recommend,vod_personalized_recommend,,
262,vod,按我的口味推荐电影,vod_personalized_recommend,vod_personalized_recommend,,
263,vod,请根据我的喜好，来给我推荐影片,vod_personalized_recommend,vod_personalized_recommend,,
264,vod,有什么适合我的电影推荐吗？,vod_personalized_recommend,vod_personalized_recommend,,
265,vod,给我推荐一些我喜欢的纪录片,vod_personalized_recommend,vod_personalized_recommend,,
266,vod,根据我的观影习惯推荐纪录片,vod_personalized_recommend,vod_personalized_recommend,,
267,vod,推荐我喜欢的综艺节目,vod_personalized_recommend,vod_personalized_recommend,,
268,vod,按我的个人兴趣，推荐点综艺视频,vod_personalized_recommend,vod_personalized_recommend,,
269,vod,值得看的悬疑剧,vod_quality_search,vod_search,,
270,vod,大家都在看的热门剧推荐一下,vod_vague_search,vod_slow_search_data_search,,
271,vod,搜索播放量高的电视剧,vod_keyword_search,vod_search,,
272,vod,口碑好的国产剧有哪些,vod_quality_search,vod_search,,
273,vod,最近爆火的新剧,vod_vague_search,vod_slow_search_data_search,,
274,vod,大家都在看的电影,vod_keyword_search,vod_search,,
275,vod,最近很火的电影,vod_keyword_search,vod_search,,
276,vod,最新上线的口碑新片,vod_quality_search,vod_search,,
277,vod,帮我搜索播放量高的电影,vod_quality_search,vod_search,,
278,vod,野狗骨头更新到多少集了,vod_episodes_qa,vod_slow_search_data_search,,
279,vod,庆余年第二季一共多少集,vod_episodes_qa,vod_slow_search_data_search,,
280,vod,速度与激情现在播到哪一季了,vod_episodes_qa,vod_slow_search_data_search,,
281,vod,歌手2026播放到第几期了,vod_episodes_qa,vod_slow_search_data_search,,
282,vod,蓝色星球纪录片更新到第几季了呢,vod_episodes_qa,vod_slow_search_data_search,,
283,vod,《主角》电视剧现在更新到第几集了？,vod_episodes_qa,vod_slow_search_data_search,,
284,vod,最近看过的电视剧,vod_history,vod_history,,
285,vod,播放刚才看的电影,vod_history,vod_history,,
286,vod,继续播我上一次看的电影,vod_history,vod_history,,
287,vod,播放昨天的纪录片,vod_history,vod_history,,
288,vod,打开我近期播过的综艺节目,vod_history,vod_history,,
289,vod,沉默的荣耀有哪些值得称赞的地方？,vod_qa,vod_slow_search_data_search,,评价
290,vod,速度与激情系列电影讲的什么,vod_qa,vod_slow_search_data_search,,剧情
291,vod,电视剧《狂飙》的主演阵容包括哪些,vod_qa,vod_slow_search_data_search,,主演
292,vod,为什么那么多抗战片，就火了李云龙,vod_qa,vod_slow_search_data_search,,角色
293,vod,易烊千玺在小小的我中塑造了什么角色,vod_qa,vod_slow_search_data_search,,角色
294,vod,生万物在哪个省份实地取景？,vod_qa,vod_slow_search_data_search,,基础信息
295,vod,《我的山与海》改编自谁的哪部小说,vod_qa,vod_slow_search_data_search,,基础信息
296,vod,舌尖上的中国第四季介绍了哪些美食,vod_qa,vod_slow_search_data_search,,基础信息
297,vod,今年票房最高的电影是哪部,vod_qa,vod_slow_search_data_search,,票房
298,vod,给阿嬷的情书电影的票房成绩如何,vod_qa,vod_slow_search_data_search,,票房
299,vod,今年暑期档上映的影片有哪些,vod_qa,vod_slow_search_data_search,,档期
300,vod,近两年清明档期上映电影推荐,vod_qa,vod_slow_search_data_search,,档期
301,vod,刘德华友情出演的影片,vod_qa,vod_slow_search_data_search,,友情演出
302,vod,改编自莫言小说的电影,vod_qa,vod_slow_search_data_search,,改编
303,vod,金庸小说改编的电视剧,vod_qa,vod_slow_search_data_search,,改编
304,vod,高满堂编剧的电视剧,vod_qa,vod_slow_search_data_search,,编剧
305,vod,河西走廊的核心理念是什么,vod_qa,vod_slow_search_data_search,,主题思想
306,vod,搜索陈祉希担任制片人的电影,vod_qa,vod_slow_search_data_search,,制片人
307,vod,季冠霖配音的电视剧有哪些,vod_qa,vod_slow_search_data_search,,配音
308,vod,播放今年春晚的语言类节目,vod_qa,vod_slow_search_data_search,,晚会
309,vod,饺子的简介,vod_actor,vod_slow_search_data_search,,导演
310,vod,张艺谋的资料,vod_actor,vod_slow_search_data_search,,导演
311,vod,刘德华是谁,vod_actor,vod_slow_search_data_search,,演员&歌手
312,vod,演员王宝强,vod_actor,vod_slow_search_data_search,,演员
313,vod,介绍一下周杰伦,vod_actor,vod_slow_search_data_search,,歌手&演员
314,vod,打开李雪琴短视频,vod_shortvideo,vod_search,,演员
315,vod,播出皮尔斯布鲁斯南的短视频,vod_shortvideo,vod_search,,演员
316,vod,搜索金秀贤、金智媛短视频,vod_shortvideo,vod_search,"{""query"":{""and"":[{""field"":""title"",""values"":[""金秀贤"",""金智媛""],""operator"":""and""},{""field"":""category"",""value"":""短视频""}]}}",演员
317,vod,周星驰有哪些经典台词片段,vod_clip_plot_aggregate_search,vod_clip_search,,
318,vod,2025年古装剧打斗场面,vod_clip_plot_aggregate_search,vod_clip_search,,
319,vod,狂飙名场面盘点,vod_clip_plot_aggregate_search,vod_clip_search,,
320,vod,狂飙催泪片段,vod_clip_plot_aggregate_search,vod_clip_search,,
321,vod,2023到2026年沈腾电影精彩片段合集,vod_clip_plot_aggregate_search,vod_clip_search,,
322,vod,李连杰内地电影打斗名场面,vod_clip_plot_aggregate_search,vod_clip_search,,
323,vod,杨幂古装剧甜蜜名场面,vod_clip_plot_aggregate_search,vod_clip_search,,
324,vod,莲花楼燃点片段汇总,vod_clip_plot_aggregate_search,vod_clip_search,,
325,vod,昨夜将至还有什么反转剧情,vod_clip_plot_aggregate_search,vod_clip_search,,
326,vod,亮剑都有哪些名场面,vod_clip_plot_aggregate_search,vod_clip_search,,
327,vod,周生如故虐心场面集锦,vod_clip_plot_aggregate_search,vod_clip_search,,
328,vod,白月梵星都有哪些打斗场面,vod_clip_plot_aggregate_search,vod_clip_search,,
329,vod,太平年经典场面集锦,vod_clip_plot_aggregate_search,vod_clip_search,,
330,vod,逐玉告白名场面,vod_clip_plot_aggregate_search,vod_clip_search,,
331,vod,低智商犯罪反转场面盘点,vod_clip_plot_aggregate_search,vod_clip_search,,
332,vod,成龙电影打斗片段,vod_clip_plot_aggregate_search,vod_clip_search,,
333,vod,有没有哪吒2全片最震撼的戏,vod_clip_plot_aggregate_search,vod_clip_search,,
334,vod,嫌疑人X的献身的逻辑推理名场面短视频,vod_clip_plot_aggregate_search,vod_clip_search,,
335,vod,隐秘的角落高能反转片段,vod_clip_plot_aggregate_search,vod_clip_search,,
336,vod,给我搜捕风追影里成龙和梁家辉的对手戏视频,vod_clip_plot_aggregate_search,vod_clip_search,,
337,vod,狂飙里张颂文和张译最高光名场面,vod_clip_plot_aggregate_search,vod_clip_search,,
338,vod,想看狂飙里高启强和安欣两人同框封神片段,vod_clip_plot_aggregate_search,vod_clip_search,,
339,vod,飞驰人生3中张驰、孙宇强的爆燃高光小视频有哪些,vod_clip_plot_aggregate_search,vod_clip_search,,
340,vod,看一下周迅电影哭戏名场面合集,vod_clip_plot_aggregate_search,vod_clip_search,,
341,vod,肖申克的救赎逆袭高光桥段汇总,vod_clip_plot_aggregate_search,vod_clip_search,,
342,vod,教父经典对峙名场面合集,vod_clip_plot_aggregate_search,vod_clip_search,,
343,vod,武林外传最搞笑的那些名场面,vod_clip_plot_aggregate_search,vod_clip_search,,
344,vod,人生之路里最让人血压升高的场面,vod_clip_plot_aggregate_search,vod_clip_search,,
345,vod,熊猫计划之部落奇遇记里面最燃的场面合集,vod_clip_plot_aggregate_search,vod_clip_search,,
346,vod,我要看大伙的秘密就不是秘密那段,vod_clip_lines_search,vod_clip_search,,
347,vod,我要看正经人谁写日记啊那个片段,vod_clip_lines_search,vod_clip_search,,
348,vod,搜索我命由我不由天的那段,vod_clip_lines_search,vod_clip_search,,
349,vod,跳到现实生活可比墙上的标语复杂多了的片段,vod_clip_lines_search,vod_clip_search,,
350,vod,请帮我播一下天亮前的夜，最难熬那个片段呗,vod_clip_lines_search,vod_clip_search,,
351,vod,"我要看那段我已无法返航,你们继续努力的视频",vod_clip_lines_search,vod_clip_search,,
352,vod,"我想看一个人可以被毁灭,但不能被打败的那个片段吗",vod_clip_lines_search,vod_clip_search,,
353,vod,搜索要怀疑我们怀疑的怀疑的台词片段,vod_clip_lines_search,vod_clip_search,,
354,vod,找一下台词你过来啊这段视频,vod_clip_lines_search,vod_clip_search,,
355,vod,燕子!燕子没有你我怎么活啊这段台词的视频在哪,vod_clip_lines_search,vod_clip_search,,
356,vod,"帮我播电影片段，说的是我在人群中,总能第一眼就看到你",vod_clip_lines_search,vod_clip_search,,
357,vod,帮我看生我者父母，知我者唐兄啊的搞笑片段,vod_clip_lines_search,vod_clip_search,,
358,vod,"查找做生意,时间很重要的片段那段",vod_clip_lines_search,vod_clip_search,,
359,vod,播有此头不可低，此腰不能弯那个片段,vod_clip_lines_search,vod_clip_search,,
360,vod,麻烦放一下你妈没告诉你别欺负熊孩子吗的电影片段啊,vod_clip_lines_search,vod_clip_search,,
361,vod,"我是尊重规则,但它得公平啊那段视频帮我找找",vod_clip_lines_search,vod_clip_search,,
362,vod,帮我查找一下电视剧片段是既生瑜，何生亮？,vod_clip_lines_search,vod_clip_search,,
363,vod,鞠躬尽瘁，死而后已的电视剧,vod_clip_lines_search,vod_clip_search,,
364,vod,起播人活着就是折腾的视频,vod_clip_lines_search,vod_clip_search,,
365,vod,"放一下今天你我,划地绝交的片段的感人片段呗",vod_clip_lines_search,vod_clip_search,,
366,vod,找满江红里这计划赌的不是局，是人的片段,vod_clip_lines_search,vod_clip_search,,
367,vod,看下西游记我叫你一声你敢答应吗?,vod_clip_lines_search,vod_clip_search,,
368,vod,播放功夫我发起疯来连自己都怕。,vod_clip_lines_search,vod_clip_search,,
369,vod,播放隐秘的角落里您看我还有机会吗?那段戏,vod_clip_lines_search,vod_clip_search,,
370,vod,看下熊出没之雪岭熊风，熊就要有个熊样,vod_clip_lines_search,vod_clip_search,,
371,vod,"找封神第一部马看到什么,是人决定的",vod_clip_lines_search,vod_clip_search,,
372,vod,找一下功夫熊猫4，就算赢不了，我也要试一试的片段,vod_clip_lines_search,vod_clip_search,,
373,vod,给我看杉杉来了电视剧里老板，撑死算工伤吗？的那集片段,vod_clip_lines_search,vod_clip_search,,
374,vod,帮我播放士兵突击里有意义就是好好活，好好活就是做有意义的事。那个片段,vod_clip_lines_search,vod_clip_search,,
375,vod,我想看蜘蛛侠说能力越大，责任越大的场景,vod_clip_lines_search,vod_clip_search,,
376,vod,蜘蛛侠：平行宇宙的不管遭受多少次打击，我最终总是会爬起来片段,vod_clip_lines_search,vod_clip_search,,
377,vod,逐玉破窗之吻名场面,vod_clip_plot_search,vod_clip_search,,
378,vod,甄嬛传倚梅园许愿名场面,vod_clip_plot_search,vod_clip_search,,
379,vod,大话西游紫霞仙子眨眼名场面,vod_clip_plot_search,vod_clip_search,,
380,vod,华强买瓜片段,vod_clip_plot_search,vod_clip_search,,
381,vod,碟中谍阿汤哥倒吊潜入场面,vod_clip_plot_search,vod_clip_search,,
382,vod,星爷我养你啊场面,vod_clip_plot_search,vod_clip_search,,
383,vod,《东成西就》欧阳锋香肠嘴名场面,vod_clip_plot_search,vod_clip_search,,
384,vod,《花样年华》梁朝伟墙洞倾诉的名场面,vod_clip_plot_search,vod_clip_search,,
385,vod,收看电视剧生万物，宁绣绣雪地红衣断亲的那段戏,vod_clip_plot_search,vod_clip_search,,
386,vod,我想看电影《英雄》胡杨林打斗场面,vod_clip_plot_search,vod_clip_search,,
387,vod,武林外传，吕秀才智斗姬无命的高光名场面,vod_clip_plot_search,vod_clip_search,,
388,vod,潜伏中，翠平打麻将口误的那个片段,vod_clip_plot_search,vod_clip_search,,
389,vod,播放《卧虎藏龙》章子怡竹林打斗的片段,vod_clip_plot_search,vod_clip_search,,
390,vod,《甜蜜蜜》电影里，张曼玉认尸笑场名场面,vod_clip_plot_search,vod_clip_search,,
391,vod,《九品芝麻官》里，周星驰吞剑的戏,vod_clip_plot_search,vod_clip_search,,
392,vod,西红柿首富里魏翔吃乳猪的片段,vod_clip_plot_search,vod_clip_search,,
393,vod,刘德华在《天若有情》婚纱摩托狂飙的封神镜头,vod_clip_plot_search,vod_clip_search,,
394,vod,甄嬛甘露寺回宫片段,vod_clip_plot_search,vod_clip_search,,
395,vod,高启强黑化成为黑社会老大片段,vod_clip_plot_search,vod_clip_search,,
396,vod,白浅取回眼睛反转片段,vod_clip_plot_search,vod_clip_search,,
397,vod,樊长玉揭露李丞相阴谋复仇片段,vod_clip_plot_search,vod_clip_search,,
398,vod,想看范云独立搞事业、朝堂爽戏的那场戏,vod_clip_plot_search,vod_clip_search,,
399,vod,回放聚餐欧阳懿酒后痛哭，吐露多年磨难委屈的那一段,vod_clip_plot_search,vod_clip_search,,
400,vod,跳转到黄彩玲突发急病，吐露真相的那段视频,vod_clip_plot_search,vod_clip_search,,
401,vod,回看曹建军为追嫌犯车祸重伤，抢救无效牺牲的片段,vod_clip_plot_search,vod_clip_search,,
402,vod,帮我播放队友拿下盗猎头目，想私刑被白菊拦下的那个片段,vod_clip_plot_search,vod_clip_search,,
403,vod,林美月和韩栋审讯室镜面夫妻对峙的视频片段,vod_clip_plot_search,vod_clip_search,,
404,vod,播放问心2致敬李晟医生的那段戏,vod_clip_plot_search,vod_clip_search,,
405,vod,起播张一昂火车站意外擒获A级通缉犯的视频片段,vod_clip_plot_search,vod_clip_search,,
406,vod,我想看程兵和队友跨越千里追凶途中互相宽慰那场戏,vod_clip_plot_search,vod_clip_search,,
407,vod,林品如高调回归复仇那场戏,vod_clip_plot_search,vod_clip_search,,
408,vod,“地球是很危险的，你快点回火星吧！”这句话出自哪个视频,vod_clip_source_search,vod_clip_search,,
409,vod,小强你怎么了小强，这句话是谁在哪部电影里说的,vod_clip_source_search,vod_clip_search,,
410,vod,我想挑战一下我的软肋是什么电影,vod_clip_source_search,vod_clip_search,,
411,vod,风浪越大，鱼越贵这句台词出自哪里,vod_clip_source_search,vod_clip_search,,
412,vod,生而平凡，也能拼出一条出路出自什么影视剧？,vod_clip_source_search,vod_clip_search,,
413,vod,“打得一拳开，免得百拳来”这句台词来自哪部电影,vod_clip_source_search,vod_clip_search,,
414,vod,臣妾做不到啊是啊哪部片子的来看,vod_clip_source_search,vod_clip_search,,
415,vod,你知道 “打不过就溜” 是哪部剧的？,vod_clip_source_search,vod_clip_search,,
416,vod,剑锋所指，所向披靡！是来自哪个电视剧,vod_clip_source_search,vod_clip_search,,
417,vod,哪部电影里有这句台词：我没有想赢，我只是不想输,vod_clip_source_search,vod_clip_search,,
418,vod,这句台词外滩的灯，永远为生意人亮着，出自哪儿,vod_clip_source_search,vod_clip_search,,
419,vod,人生除死无大事，这句台词是哪部剧的？,vod_clip_source_search,vod_clip_search,,
420,vod,他强任他强清风拂山岗是什么剧里的,vod_clip_source_search,vod_clip_search,,
421,vod,“不抛弃，不放弃！”是哪部剧里的台词,vod_clip_source_search,vod_clip_search,,
422,vod,“陆地对我来说是一艘太大的船” 这句台词来自哪部影片？,vod_clip_source_search,vod_clip_search,,
423,vod,“我对你何止半分真心” 出自哪部剧,vod_clip_source_search,vod_clip_search,,
424,vod,做生意，讲究的是体面来自哪部剧,vod_clip_source_search,vod_clip_search,,
425,vod,华强买瓜出自哪部剧,vod_clip_source_search,vod_clip_search,,
426,vod,那个警察退休后追查旧案的剧叫什么,vod_clip_source_search,vod_clip_search,,
427,vod,苏明玉逆袭那段是都挺好第几集,vod_clip_source_search,vod_clip_search,,
428,vod,逐玉男女主隔着窗户吃陈皮糖暧昧拉扯是第几集？,vod_clip_source_search,vod_clip_search,,
429,vod,那部讲核潜艇研发的电视剧叫什么,vod_clip_source_search,vod_clip_search,,
430,vod,江立伟独自关闭火场阀门出自哪部片子,vod_clip_source_search,vod_clip_search,,
431,vod,人世间周家三兄妹团圆是哪集,vod_clip_source_search,vod_clip_search,,
432,vod,那部讲电竞选手退役后当教练的剧叫什么,vod_clip_source_search,vod_clip_search,,
433,vod,苏无名解读繁华背后暗藏阴影出自哪部探案剧,vod_clip_source_search,vod_clip_search,,
434,vod,那个男主隐居江湖十年身中剧毒的古装剧叫什么,vod_clip_source_search,vod_clip_search,,
435,vod,战狼2冷锋举国旗那段在第几分钟,vod_clip_source_search,vod_clip_search,,
436,vod,东方青苍为小兰花逆天改命是哪集,vod_clip_source_search,vod_clip_search,,
437,vod,长相思小夭梅林虐杀是第几集,vod_clip_source_search,vod_clip_search,,
438,vod,大明王朝海瑞下狱是哪集,vod_clip_source_search,vod_clip_search,,
439,vod,"[""热门的喜剧综艺"", ""这里面要高分的""]",vod_memory_keyword_search,vod_slow_search_data_search,,
440,vod,"[""最新的悬疑电影"", ""这里面要评分高的""]",vod_memory_keyword_search,vod_slow_search_data_search,,
441,vod,"[""高分爱情电影"", ""这里面要最近的""]",vod_memory_keyword_search,vod_slow_search_data_search,,
442,vod,"[""热门古装剧"", ""这里面播放量高的""]",vod_memory_keyword_search,vod_slow_search_data_search,,
443,vod,"[""播放多的喜剧综艺"", ""这里面要最热的""]",vod_memory_keyword_search,vod_slow_search_data_search,,
444,vod,"[""最新都市剧"", ""这里面要热门的""]",vod_memory_keyword_search,vod_slow_search_data_search,,
445,vod,"[""特别冷门的人文纪录片"", ""这里面播放量高的""]",vod_memory_keyword_search,vod_slow_search_data_search,,
446,vod,"[""好看的电影"", ""这里最新的""]",vod_memory_keyword_search,vod_slow_search_data_search,,
447,vod,"[""好看的电视剧"", ""这里评分高的""]",vod_memory_keyword_search,vod_slow_search_data_search,,
448,vod,"[""最新的综艺节目"", ""这里面播放量高的""]",vod_memory_keyword_search,vod_slow_search_data_search,,
449,vod,"[""热门的影片"", ""这里面要最新的""]",vod_memory_keyword_search,vod_slow_search_data_search,,
450,vod,"[""美食纪录片"", ""这里面要口碑好的""]",vod_memory_keyword_search,vod_slow_search_data_search,,
451,vod,"[""搜索电视剧"", ""这里评分低的""]",vod_memory_keyword_search,vod_slow_search_data_search,,
452,vod,"[""刘德华的电影"", ""这里面要播放量高的""]",vod_memory_keyword_search,vod_slow_search_data_search,,
453,vod,"[""新上的悬疑剧"", ""这里面要高分的""]",vod_memory_keyword_search,vod_slow_search_data_search,,
454,vod,"[""搞笑的综艺"", ""这里最新的""]",vod_memory_keyword_search,vod_slow_search_data_search,,
455,vod,"[""搜索爱情片"", ""这里评价最好的""]",vod_memory_keyword_search,vod_slow_search_data_search,,
456,vod,"[""大家都在看的纪录片"", ""这里面高评分的""]",vod_memory_keyword_search,vod_slow_search_data_search,,
457,vod,播放量高的高分电视剧,vod_quality_search,vod_search,,
458,vod,大家都在看的电影有哪些,vod_quality_search,vod_search,,
459,vod,观看量高又口碑好的国产剧,vod_quality_search,vod_search,,
460,vod,最近很火的电影是什么？,vod_quality_search,vod_search,,
461,vod,刚上线的新剧有什么好看的？,vod_quality_search,vod_search,,
462,vod,大家都在看的热门剧推荐一下？,vod_quality_search,vod_search,,
463,vod,现在口碑好的剧有哪些？,vod_quality_search,vod_search,,
464,vod,有没有播放量高又口碑好的国产剧？,vod_quality_search,vod_search,,
465,vod,近期口碑好的新片推荐一下？,vod_quality_search,vod_search,,
466,vod,刚上线就爆火的新剧,vod_quality_search,vod_search,,
467,vod,播放量和口碑双高的国产剧,vod_quality_search,vod_search,,
468,vod,点播量超高的高分动漫,vod_quality_search,vod_search,,
469,vod,观看量破亿且评分高的剧,vod_quality_search,vod_search,,
470,vod,播放次数多的高分老电影,vod_quality_search,vod_search,,
471,vod,最近爆火的新剧有哪些,vod_quality_search,vod_search,,
472,vod,刚上线就登顶热搜的热门电影,vod_quality_search,vod_search,,
473,vod,正在热播的最新爆款剧,vod_quality_search,vod_search,,
474,vod,最新上映的播放量黑马电影,vod_quality_search,vod_search,,
475,vod,近期播放量暴涨的国产剧,vod_quality_search,vod_search,,
476,vod,口碑好、很火、刚上线的新剧,vod_quality_search,vod_search,,
477,vod,高分热门且播放量高的国产电影,vod_quality_search,vod_search,,
478,vod,近期热播的高口碑高播放量古装剧,vod_quality_search,vod_search,,
479,vod,刚出的播放量高又口碑好的悬疑剧,vod_quality_search,vod_search,,
480,vod,全网爆火的最新高分科幻大片,vod_quality_search,vod_search,,
481,vod,大家都在看的热门高分新剧,vod_quality_search,vod_search,,
482,vod,老剧里播放量高又口碑好的童年神剧,vod_quality_search,vod_search,,
483,vod,近期热度高、口碑好、点播多的综艺,vod_quality_search,vod_search,,
484,vod,最新上线的爆款高播放量国产动漫,vod_quality_search,vod_search,,
485,vod,现在什么剧口碑最好啊？,vod_quality_search,vod_search,,
486,vod,刚上线的新剧里，哪个最值得追？,vod_quality_search,vod_search,,
487,vod,大家最近都在刷什么高播放量的剧？,vod_quality_search,vod_search,,
488,vod,现在热播的剧里，哪个播放量最高？,vod_quality_search,vod_search,,
489,vod,近期有什么新出的高播放量综艺？,vod_quality_search,vod_search,,
490,vod,热度高但口碑一般的热门剧,vod_quality_search,vod_search,,
491,vod,播放量低但口碑超好的冷门电影,vod_quality_search,vod_search,,
492,vod,帮我找高分儿童动画,vod_quality_search,vod_search,,
493,vod,有哪些评分高的儿童动画片,vod_quality_search,vod_search,,
494,vod,口碑好的国产动漫有哪些,vod_quality_search,vod_search,,
495,vod,豆瓣评分8分以上的动画片,vod_quality_search,vod_search,,
496,vod,高评分的日本动漫推荐,vod_quality_search,vod_search,,
497,vod,最好看的少儿动画是什么,vod_quality_search,vod_search,,
498,vod,评分最高的动漫电影,vod_quality_search,vod_search,,
499,vod,有哪些经典高分的儿童动漫,vod_quality_search,vod_search,,
500,vod,好评如潮的儿童动画推荐,vod_quality_search,vod_search,,
501,vod,评价很高的少儿益智动画,vod_quality_search,vod_search,,
502,vod,最火的儿童动画有哪些,vod_quality_search,vod_search,,
503,vod,热播儿童动漫推荐,vod_quality_search,vod_search,,
504,vod,现在小孩都在看什么动画,vod_quality_search,vod_search,,
505,vod,最近热门的少儿动画片,vod_quality_search,vod_search,,
506,vod,爆款儿童动漫有哪些,vod_quality_search,vod_search,,
507,vod,最受小朋友欢迎的动画,vod_quality_search,vod_search,,
508,vod,当前最流行的少儿动漫,vod_quality_search,vod_search,,
509,vod,孩子们喜欢看的热门动画,vod_quality_search,vod_search,,
510,vod,热度最高的国产儿童动漫,vod_quality_search,vod_search,,
511,vod,最近在播的热门少儿动画,vod_quality_search,vod_search,,
512,vod,最新的儿童动画有哪些,vod_quality_search,vod_search,,
513,vod,近期上新的少儿动漫,vod_quality_search,vod_search,,
514,vod,2024年出的好看儿童动画,vod_quality_search,vod_search,,
515,vod,最近新出的动漫电影,vod_quality_search,vod_search,,
516,vod,有没有新出的少儿动画推荐,vod_quality_search,vod_search,,
517,vod,这两年新出的国产动漫,vod_quality_search,vod_search,,
518,vod,刚上线的儿童动画片,vod_quality_search,vod_search,,
519,vod,今年更新的动漫有哪些,vod_quality_search,vod_search,,
520,vod,播放量最高的儿童动画,vod_quality_search,vod_search,,
521,vod,看的人最多的少儿动漫,vod_quality_search,vod_search,,
522,vod,播放次数过亿的动画片,vod_quality_search,vod_search,,
523,vod,观看人数最多的儿童动漫,vod_quality_search,vod_search,,
524,vod,全网点击量最高的少儿动画,vod_quality_search,vod_search,,
525,vod,最多小孩在看的动漫,vod_quality_search,vod_search,,
526,vod,爆火的儿童动漫播放排行,vod_quality_search,vod_search,,
527,vod,播放量高又评分好的儿童动画,vod_quality_search,vod_search,,
528,vod,最新高分的少儿动漫推荐,vod_quality_search,vod_search,,
529,vod,最近热播的高分儿童动画,vod_quality_search,vod_search,,
530,vod,新出的且播放量高的动漫,vod_quality_search,vod_search,,
531,vod,口碑好播放量高的儿童动漫,vod_quality_search,vod_search,,
532,vod,近期最火的高分少儿动画,vod_quality_search,vod_search,,
533,vod,豆瓣高分且热度高的动漫电影,vod_quality_search,vod_search,,
534,vod,《赴山海》更新到第几季多少集了？,vod_episodes_qa,vod_slow_search_data_search,,
535,vod,《凡人修仙传》电视剧现在更到哪一集了？,vod_episodes_qa,vod_slow_search_data_search,,
536,vod,《低智商犯罪》一共多少集，现在更完了吗？,vod_episodes_qa,vod_slow_search_data_search,,
537,vod,《淬火年代》目前播到第几集了？,vod_episodes_qa,vod_slow_search_data_search,,
538,vod,《五十公里桃花坞》第六季现在更新到第几期了？,vod_episodes_qa,vod_slow_search_data_search,,
539,vod,《半熟恋人》第五季播到多少期了？,vod_episodes_qa,vod_slow_search_data_search,,
540,vod,《歌手2026》现在更新到第几期了？,vod_episodes_qa,vod_slow_search_data_search,,
541,vod,《哈哈哈哈哈》更到哪一期了？,vod_episodes_qa,vod_slow_search_data_search,,
542,vod,《妻子的浪漫旅行2026》一共多少期，现在更到哪了？,vod_episodes_qa,vod_slow_search_data_search,,
543,vod,《河西走廊》4K版一共多少集？更新完了吗？,vod_episodes_qa,vod_slow_search_data_search,,
544,vod,《人生一万年》第二季现在更到第几集了？,vod_episodes_qa,vod_slow_search_data_search,,
545,vod,《我的梦想我的城》第五季播到多少集了？,vod_episodes_qa,vod_slow_search_data_search,,
546,vod,《一路象北》现在出到第几集了？,vod_episodes_qa,vod_slow_search_data_search,,
547,vod,《左宗棠收复新疆》纪录片一共多少集？,vod_episodes_qa,vod_slow_search_data_search,,
548,vod,《海贼王》现在更新到第几集了？,vod_episodes_qa,vod_slow_search_data_search,,
549,vod,《喜羊羊与灰太狼之异国破晓》一共多少集，更完了吗？,vod_episodes_qa,vod_slow_search_data_search,,
550,vod,《完美世界》动画现在更新到第几集了？,vod_episodes_qa,vod_slow_search_data_search,,
551,vod,《名侦探柯南》国语版更到哪一集了？,vod_episodes_qa,vod_slow_search_data_search,,
552,vod,《大宋喵喵志》第二季一共多少集？播完了吗？,vod_episodes_qa,vod_slow_search_data_search,,
553,vod,《特浩兄弟的奇幻冒险智斗黑虎》现在更新到第几集了？,vod_episodes_qa,vod_slow_search_data_search,,
554,vod,《开心锤锤》最新更新到哪一期了？,vod_episodes_qa,vod_slow_search_data_search,,
555,vod,《神墓年番》现在更到多少集了？,vod_episodes_qa,vod_slow_search_data_search,,
556,vod,庆余年更新到第几集了？,vod_episodes_qa,vod_slow_search_data_search,,
557,vod,小猪佩奇更新到第几季了？,vod_episodes_qa,vod_slow_search_data_search,,
558,vod,奔跑吧现在更新到第几期了？,vod_episodes_qa,vod_slow_search_data_search,,
559,vod,舌尖上的中国现在播到第几季第几集了？,vod_episodes_qa,vod_slow_search_data_search,,
560,vod,海贼王这部动漫已经更新到哪一集了？,vod_episodes_qa,vod_slow_search_data_search,,
561,vod,《长相思》现在播到第几集？,vod_episodes_qa,vod_slow_search_data_search,,
562,vod,《庆余年》第二季更新到第几集了？,vod_episodes_qa,vod_slow_search_data_search,,
563,vod,《琅琊榜》全集有多少集？,vod_episodes_qa,vod_slow_search_data_search,,
564,vod,《汪汪队立大功》现在第几季第几集？,vod_episodes_qa,vod_slow_search_data_search,,
565,vod,《超级飞侠》总共多少集？,vod_episodes_qa,vod_slow_search_data_search,,
566,vod,《熊出没》更新到第几季了？,vod_episodes_qa,vod_slow_search_data_search,,
567,vod,《喜羊羊与灰太狼》现在播到第几集？,vod_episodes_qa,vod_slow_search_data_search,,
568,vod,《海底小纵队》最新更新到第几集？,vod_episodes_qa,vod_slow_search_data_search,,
569,vod,《托马斯小火车》一共多少季？,vod_episodes_qa,vod_slow_search_data_search,,
570,vod,《猪猪侠》更新到第几季第几集？,vod_episodes_qa,vod_slow_search_data_search,,
571,vod,《巴啦啦小魔仙》动画版有多少集？,vod_episodes_qa,vod_slow_search_data_search,,
572,vod,《宝宝巴士》更新到第几集了？,vod_episodes_qa,vod_slow_search_data_search,,
573,vod,《海贼王》这部动漫已经更新到哪一集了？,vod_episodes_qa,vod_slow_search_data_search,,
574,vod,《火影忍者》总共多少集？,vod_episodes_qa,vod_slow_search_data_search,,
