建议人,name,title,url,description,note,parameters,output,example,,,,,,,,,,,,,
1,volume_control,音量控制,,"功能：控制设备音量大小及静音操作，支持音量增大/减小/设定具体值、静音开/关。
适用场景：用户要求调大/调小音量、设定具体音量值、静音或取消静音时使用。
不适用场景：调节声音模式或音效参数（如杜比全景声、音效模式、麦克音量）用 sound_mode_control；调节氛围灯亮度用 ambient_light_control。
关联工具：声音模式与音效参数用 sound_mode_control，氛围灯亮度用 ambient_light_control。",,"{
    ""type"": ""object"",
    ""properties"": {
        ""operation"": {
            ""type"": ""string"",
            ""description"": ""操作类型，可选值：提高、降低、打开、关闭、设置、查询等""
        },
        ""object"": {
            ""type"": ""string"",
            ""description"": ""控制对象，如静音、音量"",
            ""enum"": [
                ""静音"",
                ""音量""
            ]
        },
        ""value"": {
            ""type"": ""string"",
            ""description"": ""音量值，如数字（30）、百分比（50%）、倍数（1.5倍）；静音操作时为空""
        },
        ""date_time"": {
            ""type"": ""string"",
            ""description"": ""定时时间，当前工具不使用""
        },
        ""device"": {
            ""type"": ""string"",
            ""description"": ""设备标识，当前工具不使用""
        },
        ""location"": {
            ""type"": ""string"",
            ""description"": ""位置标识，当前工具不使用""
        }
    },
    ""required"": [
        ""operation"",
        ""object""
    ]
}","{
    ""$schema"": ""http://json-schema.org/draft-04/schema#"",
    ""type"": ""object"",
    ""properties"": {
        ""type"": ""object"",
        ""properties"": {
            ""code"": {
                ""type"": ""string"",
                ""description"": ""返回状态码""
            },
            ""message"": {
                ""type"": ""string"",
                ""description"": ""接口返回状态描述""
            },
            ""data"": {
                ""type"": ""object"",
                ""properties"": {
                    ""sort"": {
                        ""type"": ""string"",
                        ""description"": ""业务分类，相同的UI下发sort相同。\nsort=tvcontrol""
                    },
                    ""subsort"": {
                        ""type"": ""string"",
                        ""description"": ""技能子分类。subsort=tvcontrol""
                    },
                    ""data"": {
                        ""type"": ""object"",
                        ""properties"": {
                            ""keyCode"": {
                                ""type"": ""number"",
                                ""description"": ""实现模块标识""
                            },
                            ""keyValue"": {
                                ""type"": ""number"",
                                ""description"": ""相同实现模块对应的不同指令值""
                            },
                            ""keyOffset"": {
                                ""type"": ""number"",
                                ""description"": ""指令调整值""
                            },
                            ""keyPara1"": {
                                ""type"": ""string"",
                                ""description"": ""相同实现模块对应的相同指令值的不同模块""
                            },
                            ""cmdWord"": {
                                ""type"": ""string"",
                                ""description"": ""控制基准指令，多意图使用""
                            },
                            ""executeFlag"": {
                                ""type"": ""number"",
                                ""description"": ""默认为1""
                            },
                            ""showText"": {
                                ""type"": ""string"",
                                ""description"": ""展示文本""
                            },
                            ""action"": {
                                ""type"": ""string"",
                                ""description"": ""实现模块的action""
                            },
                            ""needPlayTTS"": {
                                ""type"": ""string"",
                                ""description"": ""是否需要终端播报，1代表需要播报""
                            }
                        },
                        ""description"": ""电视控制核心数据"",
                        ""required"": [
                            ""keyPara1"",
                            ""keyCode"",
                            ""keyValue"",
                            ""executeFlag"",
                            ""showText"",
                            ""action"",
                            ""keyOffset"",
                            ""needPlayTTS"",
                            ""cmdWord""
                        ]
                    },
                    ""ttscontent"": {
                        ""type"": ""string"",
                        ""description"": ""播报语""
                    },
                    ""ttsReplace"": {
                        ""type"": ""string"",
                        ""description"": ""是否使用趣味播报标识，ttsReplace等于0，禁止重写或覆盖"",
                        ""enum"": [
                            ""0"",
                            ""1"",
                            ""2""
                        ]
                    },
                    ""screenOper"": {
                        ""type"": ""string"",
                        ""description"": ""1、参数说明：开关屏的参数。 2、参数值的说明： 1）1：终端执行开屏； 2）0：终端执行关屏； 3）3：终端需要特殊逻辑处理（如打开声纹）。""
                    },
                    ""priority"": {
                        ""type"": ""string"",
                        ""description"": ""1、用于终端，是否优先级处理界面词。解决的问题多轮场景，会误进界面词的情况。"",
                        ""enum"": [
                            ""uicommand"",
                            ""nlpresult""
                        ]
                    },
                    ""multiresult"": {
                        ""type"": ""string"",
                        ""description"": ""多轮信息（dialog，下轮nlu使用）""
                    },
                    ""multiSpeech"": {
                        ""type"": ""string"",
                        ""description"": ""设置免唤醒打开，1代表激活多轮免唤醒""
                    },
                    ""fullDuplex"": {
                        ""type"": ""string"",
                        ""description"": ""全双工""
                    },
                    ""dataconfidence"": {
                        ""type"": ""string"",
                        ""description"": ""置信度""
                    },
                    ""debugLog"": {
                        ""type"": ""object"",
                        ""properties"": {},
                        ""description"": ""调试信息""
                    },
                    ""llmSemantic"": {
                        ""type"": ""object"",
                        ""properties"": {
                            ""domain"": {
                                ""type"": ""string"",
                                ""description"": ""领域""
                            },
                            ""intent"": {
                                ""type"": ""string"",
                                ""description"": ""意图""
                            }
                        },
                        ""required"": [
                            ""domain"",
                            ""intent""
                        ],
                        ""description"": ""大模型参数""
                    }
                },
                ""required"": [
                    ""sort"",
                    ""subsort"",
                    ""ttscontent"",
                    ""ttsReplace"",
                    ""screenOper"",
                    ""priority"",
                    ""multiresult"",
                    ""multiSpeech"",
                    ""fullDuplex"",
                    ""debugLog"",
                    ""llmSemantic"",
                    ""data""
                ]
            }
        },
        ""required"": [
            ""code"",
            ""message"",
            ""data""
        ]
    },
    ""required"": []
}",,,,,,,,,,,,,,
2,power_control,电源控制,,"功能：控制设备电源状态，包括开机、关机、重启、待机、睡眠、显示待机、查询剩余关机时长。
适用场景：用户要求开关机、重启设备、进入或退出待机/睡眠模式、查看剩余关机倒计时时使用。
不适用场景：待机唤醒设置用 system_settings_control；熄屏模式（含定时）用 mode_control；夜间关屏/睡眠关屏用 screen_safety_control。
关联工具：待机唤醒用 system_settings_control，熄屏模式用 mode_control，夜间/睡眠关屏用 screen_safety_control。",,"{
    ""type"": ""object"",
    ""properties"": {
        ""operation"": {
            ""type"": ""string"",
            ""description"": ""操作类型，可选值：打开、关闭、查询"",
            ""enum"": [
                ""打开"",
                ""关闭"",
                ""查询""
            ]
        },
        ""object"": {
            ""type"": ""string"",
            ""description"": ""控制对象，如开机、关机、重启、待机、睡眠、显示待机、剩余关机时长等""
        },
        ""value"": {
            ""type"": ""string"",
            ""description"": ""控制值，当前工具通常为空""
        },
        ""date_time"": {
            ""type"": ""string"",
            ""description"": ""定时关机的时间设定，如30分钟、1小时、120分钟、定时时间点（20:00）、时间段（22:00-06:00）、定时""
        },
        ""device"": {
            ""type"": ""string"",
            ""description"": ""设备标识，当前工具不使用""
        },
        ""location"": {
            ""type"": ""string"",
            ""description"": ""位置标识，当前工具不使用""
        }
    },
    ""required"": [
        ""operation"",
        ""object""
    ]
}",,,,,,,,,,,,,,,
3,signal_source_control,信号源切换,,"功能：切换设备信号源输入，包括 HDMI 选择、机顶盒（含绑定）、模拟电视、数字电视、地面数字电视、直播电视及通用信号源选择。
适用场景：用户要求切换到指定信号源、选择 HDMI 接口、切换到机顶盒/数字/模拟电视/直播电视、绑定机顶盒时使用。
不适用场景：打开媒体中心入口（U盘、DLNA、Samba 等）用 media_center_control；媒体内容播放控制用 playback_control。
关联工具：媒体中心入口用 media_center_control，播放控制用 playback_control。",,"{
    ""type"": ""object"",
    ""properties"": {
        ""operation"": {
            ""type"": ""string"",
            ""description"": ""操作类型，可选值：打开、关闭、设置"",
            ""enum"": [
                ""打开"",
                ""关闭"",
                ""设置""
            ]
        },
        ""object"": {
            ""type"": ""string"",
            ""description"": ""控制对象，如信号源、HDMI选择、机顶盒、绑定机顶盒、模拟电视、数字电视、地面数字电视、直播电视等""
        },
        ""value"": {
            ""type"": ""string"",
            ""description"": ""信号源值，如HDMI1、HDMI2、HDMI3、HDMI4、前置HDMI、侧置HDMI、侧置hdmi1、侧置hdmi2、音视频输入、typec、usb、VGA、分量、视频1、视频2、视频、switch、xbox、ps4、ps5；打开/关闭操作时为空""
        },
        ""date_time"": {
            ""type"": ""string"",
            ""description"": ""定时时间，当前工具不使用""
        },
        ""device"": {
            ""type"": ""string"",
            ""description"": ""设备标识，当前工具不使用""
        },
        ""location"": {
            ""type"": ""string"",
            ""description"": ""位置标识，当前工具不使用""
        }
    },
    ""required"": [
        ""operation"",
        ""object""
    ]
}",,,,,,,,,,,,,,,
4,screen_display_control,屏幕显示控制,,"功能：控制屏幕显示布局，包括分屏/全屏/小屏切换、屏幕旋转（含自动旋转）、竖屏短视频模式、隐藏/显示分屏。
适用场景：用户要求切换分屏/全屏/小屏模式、旋转屏幕、进入竖屏短视频模式、隐藏或显示分屏时使用。
不适用场景：调节画面显示参数（亮度、对比度、清晰度等）用 image_quality_control；屏幕安全与护眼功能用 screen_safety_control；分屏演示项用 demo_control。
关联工具：画面参数调节用 image_quality_control，屏幕安全护眼用 screen_safety_control，分屏演示用 demo_control。",,"{
    ""type"": ""object"",
    ""properties"": {
        ""operation"": {
            ""type"": ""string"",
            ""description"": ""操作类型，可选值：打开、关闭、设置"",
            ""enum"": [
                ""打开"",
                ""关闭"",
                ""设置""
            ]
        },
        ""object"": {
            ""type"": ""string"",
            ""description"": ""控制对象，如分屏、竖屏短视频、小屏、全屏、隐藏分屏、显示分屏、电视旋转、自动旋转等""
        },
        ""value"": {
            ""type"": ""string"",
            ""description"": ""电视旋转时的旋转参数，如度数、横屏、竖屏、左转、右转、顺时针、逆时针；其他对象为空""
        },
        ""date_time"": {
            ""type"": ""string"",
            ""description"": ""定时时间，当前工具不使用""
        },
        ""device"": {
            ""type"": ""string"",
            ""description"": ""设备标识，当前工具不使用""
        },
        ""location"": {
            ""type"": ""string"",
            ""description"": ""位置标识，当前工具不使用""
        }
    },
    ""required"": [
        ""operation"",
        ""object""
    ]
}",,,,,,,,,,,,,,,
5,camera_control,摄像头控制,,"功能：控制摄像头即时开关及照镜子功能，以及摄像头硬件配置类操作，包括升降逻辑（开机全时段升起/首次使用升起/智能升降）、云台使用模式、单次俯仰角度控制、锁定设置（摄像头锁/手动控制锁帮助）、表情控制、摄像头设置、手动/自动调整摄像头。
适用场景：用户要求打开/关闭摄像头、照镜子、控制摄像头升降、调整俯仰角度、设置摄像头锁、配置云台模式或表情控制、调整摄像头时使用。
不适用场景：全景云台摄像头演示用 demo_control；摄像头相关演示项用 demo_control。",,"{
    ""type"": ""object"",
    ""properties"": {
        ""operation"": {
            ""type"": ""string"",
            ""description"": ""操作类型，可选值：打开、关闭"",
            ""enum"": [
                ""打开"",
                ""关闭""
            ]
        },
        ""object"": {
            ""type"": ""string"",
            ""description"": ""控制对象，如摄像头、照镜子、摄像头控制模式、摄像头控制开关、摄像头锁、摄像头设置、摄像头表情控制、云台摄像头使用模式、摄像头单次俯仰控制、手动调整摄像头、自动调整摄像头、手动控制摄像头锁帮助、开机全时段升起、首次使用升起、智能升降等""
        },
        ""value"": {
            ""type"": ""string"",
            ""description"": ""控制值，当前工具通常为空""
        },
        ""date_time"": {
            ""type"": ""string"",
            ""description"": ""定时时间，当前工具不使用""
        },
        ""device"": {
            ""type"": ""string"",
            ""description"": ""设备标识，当前工具不使用""
        },
        ""location"": {
            ""type"": ""string"",
            ""description"": ""位置标识，当前工具不使用""
        }
    },
    ""required"": [
        ""operation"",
        ""object""
    ]
}",,,,,,,,,,,,,,,
6,network_control,网络控制,,"功能：管理网络连接与配置，包括 WiFi 连接/信息/信道设置/强度测试、有线网络、无线热点、网络测速、网络连接测试、WiFi 全时推送。
适用场景：用户要求连接或配置 WiFi/有线网络、开启无线热点、网络测速、测试网络连通性、查看网络信息、设置 WiFi 信道或进行强度测试时使用。
不适用场景：蓝牙设备连接用 bluetooth_control；wifi6 演示用 demo_control。
关联工具：蓝牙设备用 bluetooth_control，wifi6 演示用 demo_control。",,"{
    ""type"": ""object"",
    ""properties"": {
        ""operation"": {
            ""type"": ""string"",
            ""description"": ""操作类型，可选值：打开、关闭"",
            ""enum"": [
                ""打开"",
                ""关闭""
            ]
        },
        ""object"": {
            ""type"": ""string"",
            ""description"": ""控制对象，如网络设置、无线网络、有线网络、网络信息、无线热点、wifi全时推送、网络测速、网络连接测试、WIFI信道、wifi强度测试等""
        },
        ""value"": {
            ""type"": ""string"",
            ""description"": ""控制值，当前工具通常为空""
        },
        ""date_time"": {
            ""type"": ""string"",
            ""description"": ""定时时间，当前工具不使用""
        },
        ""device"": {
            ""type"": ""string"",
            ""description"": ""设备标识，当前工具不使用""
        },
        ""location"": {
            ""type"": ""string"",
            ""description"": ""位置标识，当前工具不使用""
        }
    },
    ""required"": [
        ""operation"",
        ""object""
    ]
}",,,,,,,,,,,,,,,
7,bluetooth_control,蓝牙控制,,"功能：蓝牙设备连接与管理，包括蓝牙设置入口、设备配对、连接状态管理。
适用场景：用户要求打开蓝牙设置、配对/连接/断开蓝牙设备时使用。
不适用场景：WiFi 及有线网络配置用 network_control；无线热点用 network_control。
关联工具：网络连接配置用 network_control。",,"{
    ""type"": ""object"",
    ""properties"": {
        ""operation"": {
            ""type"": ""string"",
            ""description"": ""操作类型，可选值：打开、关闭"",
            ""enum"": [""打开"", ""关闭""]
        },
        ""object"": {
            ""type"": ""string"",
            ""description"": ""控制对象，固定为蓝牙设置"",
            ""enum"": [""蓝牙设置""]
        },
        ""value"": {
            ""type"": ""string"",
            ""description"": ""控制值，当前工具通常为空""
        },
        ""date_time"": {
            ""type"": ""string"",
            ""description"": ""定时时间，当前工具不使用""
        },
        ""device"": {
            ""type"": ""string"",
            ""description"": ""设备标识，当前工具不使用""
        },
        ""location"": {
            ""type"": ""string"",
            ""description"": ""位置标识，当前工具不使用""
        }
    },
    ""required"": [""operation"", ""object""]
}",,,,,,,,,,,,,,,
8,input_lang_control,语言设置,,"功能：语言与输入法设置，包括系统语言设置、输入法安装/切换/配置。
适用场景：用户要求更改系统语言、安装或切换输入法、进入输入法设置时使用。
不适用场景：语音播报方式用 playback_control；声音主题定制用 personalization_control。
关联工具：播报方式用 playback_control，声音主题定制用 personalization_control。",,"{
    ""type"": ""object"",
    ""properties"": {
        ""operation"": {
            ""type"": ""string"",
            ""description"": ""操作类型，可选值：打开、关闭"",
            ""enum"": [""打开"", ""关闭""]
        },
        ""object"": {
            ""type"": ""string"",
            ""description"": ""控制对象，如语言设置、输入法设置、输入法"",
            ""enum"": [""语言设置"", ""输入法设置"", ""输入法""]
        },
        ""value"": {
            ""type"": ""string"",
            ""description"": ""控制值，当前工具通常为空""
        },
        ""date_time"": {
            ""type"": ""string"",
            ""description"": ""定时时间，当前工具不使用""
        },
        ""device"": {
            ""type"": ""string"",
            ""description"": ""设备标识，当前工具不使用""
        },
        ""location"": {
            ""type"": ""string"",
            ""description"": ""位置标识，当前工具不使用""
        }
    },
    ""required"": [""operation"", ""object""]
}",,,,,,,,,,,,,,,
9,image_quality_control,画质设置,,"功能：调节画面显示参数，包括亮度、对比度、色度、图像模式、清晰度、分辨率、运动补偿（含运动图像补偿流畅设置）、3D 设置、几何校正、屏幕校正、白平衡增益设置、小屏亮度等画面参数。
适用场景：用户要求调节亮度/对比度/色度/清晰度等画质参数、切换图像模式、设置分辨率或运动补偿、进行几何校正/屏幕校正/白平衡设置时使用。
不适用场景：氛围灯亮度用 ambient_light_control；自适应亮度用 screen_safety_control；屏幕显示布局（分屏/全屏/旋转等）用 screen_display_control；画质演示项用 demo_control。
关联工具：氛围灯亮度用 ambient_light_control，自适应亮度用 screen_safety_control，屏幕布局用 screen_display_control，画质演示用 demo_control。",,"{
    ""type"": ""object"",
    ""properties"": {
        ""operation"": {
            ""type"": ""string"",
            ""description"": ""操作类型，可选值：提高、降低、设置、查询、打开、关闭、上、下、左、右、放大、缩小等""
        },
        ""object"": {
            ""type"": ""string"",
            ""description"": ""控制对象，如清晰度、对比度、色度、亮度、图像模式、图像设置、分辨率、运动补偿、画面、3D设置、几何校正、屏幕校正、白平衡增益设置、运动图像补偿流畅设置、小屏亮度等""
        },
        ""value"": {
            ""type"": ""string"",
            ""description"": ""参数值。数值类（如30、50、70、100%）；百分比类（如30%、50%）；图像模式类（标准模式、鲜艳模式、儿童模式、体育模式、影院模式、游戏模式）；画面方向操作时为空；提高/降低时可带增量值（如30、50）或默认""
        },
        ""date_time"": {
            ""type"": ""string"",
            ""description"": ""定时时间，当前工具不使用""
        },
        ""device"": {
            ""type"": ""string"",
            ""description"": ""设备标识，当前工具不使用""
        },
        ""location"": {
            ""type"": ""string"",
            ""description"": ""位置标识，当前工具不使用""
        }
    },
    ""required"": [
        ""operation"",
        ""object""
    ]
}",,,,,,,,,,,,,,,
10,sound_mode_control, ,,"功能：声音模式与音效参数调节，包括声音模式切换、音效模式、杜比全景声、全景声音量控制、按键音、全场景麦克设置、麦克音量、混响模式、中置声场、切换声音输出。
适用场景：用户要求切换声音模式/音效模式、开启或关闭杜比全景声、调节麦克音量或混响、设置中置声场、切换声音输出时使用。
不适用场景：音量大小及静音用 volume_control；声音主题定制用 personalization_control；音效相关演示项（如 WAVES 音效、杜比全景声演示等）用 demo_control。
关联工具：音量与静音用 volume_control，声音主题定制用 personalization_control，音效演示用 demo_control。",,"{
    ""type"": ""object"",
    ""properties"": {
        ""operation"": {
            ""type"": ""string"",
            ""description"": ""操作类型，可选值：设置、打开、关闭、提高、降低"",
            ""enum"": [
                ""设置"",
                ""打开"",
                ""关闭"",
                ""提高"",
                ""降低""
            ]
        },
        ""object"": {
            ""type"": ""string"",
            ""description"": ""控制对象，如声音模式、声音设置、音效模式、杜比全景声、全景声音量控制、按键音、全场景麦克设置、麦克音量、混响模式、中置声场、切换声音等""
        },
        ""value"": {
            ""type"": ""string"",
            ""description"": ""声音模式值（AI音质、标准模式、影院模式、音乐模式、体育模式、新闻模式、儿童模式、长辈模式、游戏模式）；音效模式值（杜比音效、流行音效、舞曲音效、蓝调音效、古典音效、爵士音效、慢歌音效、电子乐音效、摇滚音效、乡村音效、自定义音效）；麦克音量数值（数字或百分比或倍数）；开关操作时为空""
        },
        ""date_time"": {
            ""type"": ""string"",
            ""description"": ""定时时间，当前工具不使用""
        },
        ""device"": {
            ""type"": ""string"",
            ""description"": ""设备标识，当前工具不使用""
        },
        ""location"": {
            ""type"": ""string"",
            ""description"": ""位置标识，当前工具不使用""
        }
    },
    ""required"": [
        ""operation"",
        ""object""
    ]
}",,,,,,,,,,,,,,,
11,projection_control,投影设置,,"功能：投影设备专属控制，包括自动梯形校正、手动梯形校正、自动对焦、手动对焦、梯形校正校准、水平校准、对焦校准、投影设置。
适用场景：用户要求进行梯形校正、对焦校准、水平校准或进入投影设置时使用，仅适用于投影类设备。
不适用场景：非投影类设备不支持此工具；常规画面参数调节（亮度/对比度等）用 image_quality_control；屏幕显示布局用 screen_display_control。
关联工具：画面参数调节用 image_quality_control，屏幕布局用 screen_display_control。",,"{
    ""type"": ""object"",
    ""properties"": {
        ""operation"": {
            ""type"": ""string"",
            ""description"": ""操作类型，可选值：打开、关闭"",
            ""enum"": [
                ""打开"",
                ""关闭""
            ]
        },
        ""object"": {
            ""type"": ""string"",
            ""description"": ""控制对象，如自动梯形校正、手动梯形校正、自动对焦、手动对焦、梯形校正校准、水平校准、对焦校准、投影设置等""
        },
        ""value"": {
            ""type"": ""string"",
            ""description"": ""控制值，当前工具通常为空""
        },
        ""date_time"": {
            ""type"": ""string"",
            ""description"": ""定时时间，当前工具不使用""
        },
        ""device"": {
            ""type"": ""string"",
            ""description"": ""设备标识，当前工具不使用""
        },
        ""location"": {
            ""type"": ""string"",
            ""description"": ""位置标识，当前工具不使用""
        }
    },
    ""required"": [
        ""operation"",
        ""object""
    ]
}",,,,,,,,,,,,,,,
12,media_center_control,媒资中心控制,,"功能：打开/关闭各媒体中心入口，包括媒体中心、U盘、DLNA、Samba、家庭相册、媒体中心图片、U盘/DLNA 图片/音乐/视频、幻灯片、家庭私有云、文件导入。
适用场景：用户要求打开媒体中心、浏览 U盘/DLNA/Samba 内容、查看家庭相册、播放幻灯片、访问家庭私有云或导入文件时使用。
不适用场景：媒体内容播放控制（播放/暂停/快进/快退等）用 playback_control；信号源切换（HDMI/机顶盒等）用 signal_source_control；家庭私有云演示用 demo_control。
关联工具：播放控制用 playback_control，信号源切换用 signal_source_control，私有云演示用 demo_control。",,"{
    ""type"": ""object"",
    ""properties"": {
        ""operation"": {
            ""type"": ""string"",
            ""description"": ""操作类型，可选值：打开、关闭"",
            ""enum"": [
                ""打开"",
                ""关闭""
            ]
        },
        ""object"": {
            ""type"": ""string"",
            ""description"": ""控制对象，如媒体中心、u盘、dlna、samba、家庭相册、媒体中心图片、u盘图片、dlna图片、u盘音乐、dlna音乐、u盘视频、dlna视频、幻灯片、家庭私有云等""
        },
        ""value"": {
            ""type"": ""string"",
            ""description"": ""控制值，当前工具通常为空""
        },
        ""date_time"": {
            ""type"": ""string"",
            ""description"": ""定时时间，当前工具不使用""
        },
        ""device"": {
            ""type"": ""string"",
            ""description"": ""设备标识，当前工具不使用""
        },
        ""location"": {
            ""type"": ""string"",
            ""description"": ""位置标识，当前工具不使用""
        }
    },
    ""required"": [
        ""operation"",
        ""object""
    ]
}",,,,,,,,,,,,,,,
13,demo_control,演示模式,,"功能：演示项开关控制，覆盖画质、音质、AI 功能、通用展示等 100+ 条演示项，包括商场模式（含设置）、各类画质演示（ULED 超画质、背光分区、HDR、MiniLed 等）、音质演示（WAVES 音效、杜比全景声演示、帝瓦雷音响系统等）、AI 功能演示（AI 云健身、智慧之眼、全时云守护等）、硬件展示（屏幕发声、高刷新率、像素控光等）、图卡/测试图卡、演示片源管理及视频导入。
适用场景：用户要求开关演示项、进入商场模式、播放图卡 demo、管理演示片源或导入演示视频时使用。
不适用场景：实际画质参数调节用 image_quality_control；实际音效调节用 sound_mode_control；摄像头实际控制用 camera_control；实际音量控制用 volume_control。
关联工具：实际画质调节用 image_quality_control，实际音效调节用 sound_mode_control，摄像头控制用 camera_control，音量控制用 volume_control。",,"{
    ""type"": ""object"",
    ""properties"": {
        ""operation"": {
            ""type"": ""string"",
            ""description"": ""操作类型，可选值：打开、关闭"",
            ""enum"": [""打开"", ""关闭""]
        },
        ""object"": {
            ""type"": ""string"",
            ""description"": ""控制对象，即各类演示项名称，如demo演示、图卡demo、ULED超画质演示、12bit精晰布光、背光分区、图像分区、全程HDR、超清在线解析、WAVES音效、臻彩高色域、商场模式、商场模式设置、演示片源、文件导入、演示项视频导入、感知音画、感知画质、AI环境音画、全维ai画质演示、wifi6演示、原音复刻引擎、家庭私有云演示、全景云台摄像头、智慧之眼、全时云守护、千人云视频、儿童云关爱、AI云健身、极速屏演示、锐速超解像、全矩阵背光、ai音效自适应、暗场细节提升、色彩精准设计、动态晶晰提升、像素重塑、锐速超解像8k、超频瞬映、双生叠屏、全色激光、全维ai音质、暗夜精灵、3D立体色彩管理、H3画质芯片、人声中置声场、屏幕发声效果、屏幕发声展示、多声道空间声场、高清晰度演示、跑马灯、高对比度演示、高动态范围、疾速对比、AI加变频运动补偿、waves超重低音、屏幕发声demo、ai人像增强、AI色彩均衡、ULED_XDR、观看尺寸参考、MiniLed、高刷新率、测试图卡、240Hz疾速屏、U加超画质引擎、16bits环境控光、分区控光差异、Mini全阵列动态背光、分屏演示、XDR极致动态范围、极致稳定峰值亮度、专业游戏模式、AI景深增强、HDR增强、疾速控光、动态清晰度增强、环境光感智能、原画显示、数字艺术、Imax_Enhanced、高色准、NAS私有云、产品展示、智能运动侦测Pro、7680Hz疾速刷新、AI景深重塑、HDR细节增强、场景细节增强、BT2020立体色域、多声道音响、赛场音效、一键入幕、多分区Local_Dimming背光、智能暂停演示、智能节能演示、立体全色域、空间声场自适应、150HZ疾速屏、全时图像优化、AI人声清晰、Hi无线杜比全景声、全域明暗精控、火箭炮声学设计、AI全维感知Pro、AI动态超解像Pro、RGB光色同控、AI超感景深增强、AI原生肤色、屏幕展示、黑耀屏、墨晶屏、帝瓦雷音响系统、帝瓦雷低音管理系统、MicroLED自发光技术、像素控光、极致黑对比度、物理超广视角、低蓝光护眼、影院音效演示、发声区域、智控红光、大冲程低音炮、8声道独立驱动发声、房间声学、帝瓦雷音响体验、AI原生肤色Pro、DTS_Virtual_X音效、165HZ疾速屏、170HZ疾速屏、120HZ疾速屏、144HZ疾速屏、睿智AI映画、AI双音效、立体防抖、运动画面增强、量子点四维真实还原系统、量子点真实色彩还原、真实色彩还原、多层次细节增强演示、晶彩色控演示、亮暗精控演示、自动景深优化演示、数字剧院音效、杜比全景声演示、电视音频增强、立体音效、SDR转HDR、智能运动侦测、2K转4K演示、超高清演示、超解像演示、系统信息演示等""
        },
        ""value"": {
            ""type"": ""string"",
            ""description"": ""控制值，当前工具通常为空""
        },
        ""date_time"": {
            ""type"": ""string"",
            ""description"": ""定时时间，当前工具不使用""
        },
        ""device"": {
            ""type"": ""string"",
            ""description"": ""设备标识，当前工具不使用""
        },
        ""location"": {
            ""type"": ""string"",
            ""description"": ""位置标识，当前工具不使用""
        }
    },
    ""required"": [""operation"", ""object""]
}",,,,,,,,,,,,,,,
14,personalization_control,个性化设置,,"功能：外观定制类操作及设备个性化配置，包括主题/颜色主题定制、壁纸/壁画/AI 壁纸/AI 节日壁纸、开机图片定制/关机动画定制、声音主题定制、个性化定制界面、AI 动画、音乐氛围墙、屏保（含屏保画册/屏保选择/定时屏保）、音乐播放器、待机选项、多屏互动、遥控器键位定制（快速启动键定制/喜爱键/直播键/快捷键）、一触即播、安装耳机/眼镜语音服务、服务协议、地震预警、寻找遥控器、屏幕/支架设置、我的账号、服务中心、[视频/图片]、智能设置。
适用场景：用户要求更换主题/壁纸/屏保、定制开关机动画或声音主题、配置遥控器快捷键、管理个性化选项、设置音乐播放器或待机选项时使用。
不适用场景：实际播放控制用 playback_control；系统级功能开关与设置入口（恢复出厂/固件更新/版本信息等）用 system_settings_control；工作模式切换用 mode_control；声音模式与音效参数用 sound_mode_control。
关联工具：播放控制用 playback_control，系统级设置用 system_settings_control，工作模式用 mode_control，声音模式用 sound_mode_control，画面参数用 image_quality_control。",,"{
    ""type"": ""object"",
    ""properties"": {
        ""operation"": {
            ""type"": ""string"",
            ""description"": ""操作类型，可选值：打开、关闭、设置、切换、提高、降低、保存、删除、分享等""
        },
        ""object"": {
            ""type"": ""string"",
            ""description"": ""控制对象，如ai壁纸、音乐氛围墙、待机选项、ai动画、ai节日壁纸、安装耳机语音服务、安装眼镜语音服务、主题、多屏互动、个性化定制界面、快速启动键定制、开机图片定制、关机动画定制、声音主题定制、智能设置、颜色主题定制、遥控器喜爱键、遥控器直播键、屏保选择、遥控器快捷键、一触即播、服务协议、定时屏保、地震预警、寻找遥控器、屏幕、音乐播放器、支架、壁纸、壁画、屏保、屏保画册、我的账号、服务中心、[视频/图片]等""
        },
        ""value"": {
            ""type"": ""string"",
            ""description"": ""壁纸/屏保/壁画选择时的标识值，如1-num（标识第几张）、CURRENT（当前张）、空；[视频/图片]保存/删除时的范围标识（PREFIX、SUFFIX、ALL、CUSTOM、CURRENT）；分享平台（微信/抖音）；支架提高/降低时为空；开关操作时为空""
        },
        ""date_time"": {
            ""type"": ""string"",
            ""description"": ""定时时间，当前工具不使用""
        },
        ""device"": {
            ""type"": ""string"",
            ""description"": ""设备标识，当前工具不使用""
        },
        ""location"": {
            ""type"": ""string"",
            ""description"": ""位置标识，当前工具不使用""
        }
    },
    ""required"": [
        ""operation"",
        ""object""
    ]
}",,,,,,,,,,,,,,,
15,scene_mode_control,场景模式设置,,"功能：电视工作模式切换，包括音箱模式（含开关）、电视模式、月光模式、熄屏模式（含定时）、观赛模式、聊球模式、会议模式、手势控制、自动入幕、AI 环境模式。
适用场景：用户要求切换设备工作模式、进入音箱/电视/月光模式、开启观赛/聊球/会议模式、设置熄屏定时、开启手势控制或自动入幕、进入 AI 环境模式时使用。
不适用场景：电源开关机/待机/睡眠用 power_control；护眼模式/省电模式/防射眼等屏幕安全功能用 screen_safety_control；模式相关演示项用 demo_control。
关联工具：电源控制用 power_control，屏幕安全护眼用 screen_safety_control，模式演示用 demo_control。",,"{
    ""type"": ""object"",
    ""properties"": {
        ""operation"": {
            ""type"": ""string"",
            ""description"": ""操作类型，可选值：打开、关闭、设置"",
            ""enum"": [
                ""打开"",
                ""关闭"",
                ""设置""
            ]
        },
        ""object"": {
            ""type"": ""string"",
            ""description"": ""控制对象，如熄屏模式、音箱模式开关、音箱模式、电视模式、月光模式、观赛模式、聊球模式、会议模式、手势控制、自动入幕、ai环境模式等""
        },
        ""value"": {
            ""type"": ""string"",
            ""description"": ""控制值，当前工具通常为空""
        },
        ""date_time"": {
            ""type"": ""string"",
            ""description"": ""定时熄屏的时间设定，如定时时间点（22:00）、时间段（22:00-06:00）、定时；仅熄屏模式使用""
        },
        ""device"": {
            ""type"": ""string"",
            ""description"": ""设备标识，当前工具不使用""
        },
        ""location"": {
            ""type"": ""string"",
            ""description"": ""位置标识，当前工具不使用""
        }
    },
    ""required"": [
        ""operation"",
        ""object""
    ]
}",,,,,,,,,,,,,,,
16,screen_safety_control,屏幕安全控制,,"功能：屏幕安全与护眼功能控制，包括省电模式、护眼模式、防射眼、自适应亮度、坐姿检测、夜间关屏、睡眠关屏、电源灯。
适用场景：用户要求开启或关闭护眼模式/省电模式/防射眼、设置自适应亮度、开启坐姿检测、设置夜间关屏/睡眠关屏或控制电源灯时使用。
不适用场景：常规画面亮度调节用 image_quality_control；氛围灯亮度用 ambient_light_control；熄屏模式（含定时）用 mode_control；电源开关机用 power_control。
关联工具：画面亮度调节用 image_quality_control，氛围灯用 ambient_light_control，熄屏模式用 mode_control，电源控制用 power_control。",,"{
    ""type"": ""object"",
    ""properties"": {
        ""operation"": {
            ""type"": ""string"",
            ""description"": ""操作类型，可选值：打开、关闭、设置"",
            ""enum"": [
                ""打开"",
                ""关闭"",
                ""设置""
            ]
        },
        ""object"": {
            ""type"": ""string"",
            ""description"": ""控制对象，如护眼模式、防射眼、省电模式、自适应亮度、坐姿检测、夜间关屏、睡眠关屏、电源灯等""
        },
        ""value"": {
            ""type"": ""string"",
            ""description"": ""护眼模式设置时的档位值，如低档、中档、高档或1、2、3；其他对象为空""
        },
        ""date_time"": {
            ""type"": ""string"",
            ""description"": ""定时时间，当前工具不使用""
        },
        ""device"": {
            ""type"": ""string"",
            ""description"": ""设备标识，当前工具不使用""
        },
        ""location"": {
            ""type"": ""string"",
            ""description"": ""位置标识，当前工具不使用""
        }
    },
    ""required"": [
        ""operation"",
        ""object""
    ]
}",,,,,,,,,,,,,,,
17,playback_control,播放控制,,"功能：当前播放内容的播控操作，包括播放/停止/快进/快退/跳转、播放列表控制、交互指令（退下/返回/待命）、播报方式设置。
适用场景：用户要求播放/暂停/停止/快进/快退/跳转内容、管理播放列表、执行交互指令（退下/返回/待命）或设置播报方式时使用。
不适用场景：打开媒体中心入口用 media_center_control；音量大小及静音用 volume_control；声音模式与音效用 sound_mode_control。
关联工具：媒体中心入口用 media_center_control，音量控制用 volume_control，声音模式用 sound_mode_control。",,"{
    ""type"": ""object"",
    ""properties"": {
        ""operation"": {
            ""type"": ""string"",
            ""description"": ""操作类型，可选值：快进、快退、快进到、快退到、跳转、播放、停止、暂停、退出、上、下、重播、顺序播放、随机播放、单曲循环、循环播放、列表播放、切换、退下、返回、待命、再见、提高、降低、设置等""
        },
        ""object"": {
            ""type"": ""string"",
            ""description"": ""控制对象，如播放控制、播放列表、交互控制、播报方式、倍速；快进/快退/跳转等操作时可为空""
        },
        ""value"": {
            ""type"": ""string"",
            ""description"": ""时间点或时间段（如10秒、30秒、1分钟、5:00、1小时30分钟）；上/下操作时的单位（如集、个）；倍速数值（如用户的表达的数字）；播报方式（简洁、全程）；其他操作时为空""
        },
        ""date_time"": {
            ""type"": ""string"",
            ""description"": ""定时时间，当前工具不使用""
        },
        ""device"": {
            ""type"": ""string"",
            ""description"": ""设备标识，当前工具不使用""
        },
        ""location"": {
            ""type"": ""string"",
            ""description"": ""位置标识，当前工具不使用""
        }
    },
    ""required"": [
        ""operation""
    ]
}",,,,,,,,,,,,,,,
18,ambient_light_control,灯效控制,,"功能：氛围灯效控制，包括氛围灯/待机灯效/开机灯效的开关，以及氛围灯亮度（含氛围亮度）的设置/查询/调节。
适用场景：用户要求开关氛围灯/待机灯效/开机灯效、调节或查询氛围灯亮度时使用。
不适用场景：常规画面亮度用 image_quality_control；电源灯用 screen_safety_control；省电模式用 screen_safety_control。
关联工具：画面亮度调节用 image_quality_control，电源灯用 screen_safety_control，屏幕安全护眼用 screen_safety_control。",,"{
    ""type"": ""object"",
    ""properties"": {
        ""operation"": {
            ""type"": ""string"",
            ""description"": ""操作类型，可选值：打开、关闭、设置、查询、提高、降低等""
        },
        ""object"": {
            ""type"": ""string"",
            ""description"": ""控制对象，如氛围灯、待机灯效、开机灯效、氛围灯亮度、氛围亮度"",
            ""enum"": [
                ""氛围灯"",
                ""待机灯效"",
                ""开机灯效"",
                ""氛围灯亮度"",
                ""氛围亮度""
            ]
        },
        ""value"": {
            ""type"": ""string"",
            ""description"": ""亮度数值或百分比，如30、50%、默认；开关操作时为空""
        },
        ""date_time"": {
            ""type"": ""string"",
            ""description"": ""定时时间，当前工具不使用""
        },
        ""device"": {
            ""type"": ""string"",
            ""description"": ""设备标识，当前工具不使用""
        },
        ""location"": {
            ""type"": ""string"",
            ""description"": ""位置标识，当前工具不使用""
        }
    },
    ""required"": [
        ""operation"",
        ""object""
    ]
}",,,,,,,,,,,,,,,
19,system_settings_control,系统设置,,"功能：系统级功能开关与设置入口，包括远场语音开关、CEC 开关、待机唤醒、固件更新/系统更新、恢复出厂设置、录音、区域设置、毫米波雷达、版本信息（版本号/版本更新记录）、回主页、多任务切换，以及通用设置入口（设置/系统设置/通用设置）、设备信息（关于电视/本机信息/存储空间）、系统管理（内存提速/卸载应用/垃圾清理/启动管理/安全查杀/权限管理）。
适用场景：用户要求开关远场语音/CEC、设置待机唤醒、检查或更新系统版本、恢复出厂设置、管理录音、设置区域、配置毫米波雷达、查看版本信息或设备信息、回主页、切换多任务、进行系统清理或应用管理时使用。
不适用场景：电源开关机用 power_control；工作模式切换用 mode_control；外观定制用 personalization_control；音量控制用 volume_control。
关联工具：电源控制用 power_control，工作模式用 mode_control，外观定制用 personalization_control，音量用 volume_control。",,"{
    ""type"": ""object"",
    ""properties"": {
        ""operation"": {
            ""type"": ""string"",
            ""description"": ""操作类型，可选值：打开、关闭、设置、查询"",
            ""enum"": [
                ""打开"",
                ""关闭"",
                ""设置"",
                ""查询""
            ]
        },
        ""object"": {
            ""type"": ""string"",
            ""description"": ""控制对象，如主页、多任务切换、设置、系统设置、通用设置、关于电视、存储空间、本机信息、cec开关、区域设置、软件更新、系统更新、恢复出厂设置、待机唤醒、内存提速、卸载应用、垃圾清理、启动管理、安全查杀、权限管理、远场语音开关、录音、版本号、版本更新记录、毫米波雷达等""
        },
        ""value"": {
            ""type"": ""string"",
            ""description"": ""区域设置时的城市名（如北京、上海）；其他对象通常为空""
        },
        ""date_time"": {
            ""type"": ""string"",
            ""description"": ""定时时间，当前工具不使用""
        },
        ""device"": {
            ""type"": ""string"",
            ""description"": ""设备标识，当前工具不使用""
        },
        ""location"": {
            ""type"": ""string"",
            ""description"": ""位置标识，当前工具不使用""
        }
    },
    ""required"": [
        ""operation"",
        ""object""
    ]
}",,,,,,,,,,,,,,,
20,ai_picture_sound_control,AI音画调节,,"功能：接收用户描述的画质/音效问题或观影场景（如颜色过艳、暗场发黑、运动拖影、人声不清、低音不足等），下发一组底层图像/声音参数或模式指令，实现一键式场景修复或场景切换。
适用场景：
用户用自然语言描述画面或声音效果问题，需要系统根据语义自动匹配优化参数时；
不适用场景：
用户直接要求调节某个具体参数值（如""亮度调到50""""对比度加5""）时，应使用 image_quality_control 或 sound_mode_control；
用户直接要求切换声音模式/音效模式时，应使用 sound_mode_control；",,"{
    ""type"": ""object"",
    ""properties"": {
        ""intent"": {
            ""type"": ""string"",
            ""description"": ""colors_oversaturated：整体色彩偏浓，colors_washed_out：整体色彩偏淡，cold_color_cast：色彩偏冷，red_color_cast：色彩偏红，warm_color_cast：色彩偏暖，dark_areas_crushed：暗场发黑，细节丢失，highlights_overexposed：亮部画面过曝、细节丢失，lack_of_clarity：画面不够清晰，image_noise_obvious：画面噪点明显，motion_not_smooth：运动画面不够流畅，motion_not_sharp：运动画面不够清晰，poor_eye_comfort：屏幕不够护眼，image_mode_movie：电影模式切换，flickering_brightness：亮度忽明忽暗，image_mode_auto：自动切换图像模式，voice_not_clear：人声听不清楚，lack_stereo_surround：没有立体、环绕感，bass_effect_poor：低音效果不好""
        }
    },
    ""required"": [
        ""intent""
    ]
}",,,,,,,,,,,,,,,