建议人,name,title,url,description,note,parameters,output,example,,,,,,,,,,,
1,numeric_adjust,幅值控制,,功能：负责设备幅值相关参数的控制，设置项包括音量、清晰度、对比度、色度、亮度、分辨率、倍速、刷新率，设置操作包括打开、关闭、提升、升高、增加、降低、减少、设置、查询操作。,,"{
    ""type"": ""object"",
    ""properties"": {
        ""operation"": {
            ""type"": ""string"",
            ""description"": ""操作类型，可选值：提高、降低、打开、关闭、设置、查询"",
            ""enum"": [
                ""提高"",
                ""降低"",
                ""打开"",
                ""关闭"",
                ""设置"",
                ""查询""
            ]
        },
        ""object"": {
            ""type"": ""string"",
            ""description"": ""控制对象，可选范围：音量；低音；麦克音量；清晰度；对比度；色度；亮度；小屏亮度；氛围灯亮度 / 氛围亮度；分辨率；倍速；刷新率""
        },
        ""value"": {
            ""type"": ""string"",
            ""description"": ""控制值说明：数字或百分比或倍数；数值；—；用户表达的数字；120HZ/144HZ/150HZ/165HZ/170HZ/240HZ/7680Hz""
        },
        ""date_time"": {
            ""type"": ""string"",
            ""description"": ""定时或时间表达；当前工具不使用时为空""
        },
        ""device"": {
            ""type"": ""string"",
            ""description"": ""设备标识，当前工具不使用""
        },
        ""location"": {
            ""type"": ""string"",
            ""description"": ""位置标识，当前工具不使用""
        }
    },
    ""required"": [
        ""operation"",
        ""object""
    ]
}",,,,,,,,,,,,,
2,power_control,开关机控制,,功能：负责设备开机、关机、重启控制。,,"{
    ""type"": ""object"",
    ""properties"": {
        ""operation"": {
            ""type"": ""string"",
            ""description"": ""操作类型，可选值：打开、关闭"",
            ""enum"": [
                ""打开"",
                ""关闭""
            ]
        },
        ""object"": {
            ""type"": ""string"",
            ""description"": ""控制对象，可选范围：开机；关机（无 date_time）；重启""
        },
        ""value"": {
            ""type"": ""string"",
            ""description"": ""控制值，按用户表达填写；无对应值时为空""
        },
        ""date_time"": {
            ""type"": ""string"",
            ""description"": ""定时或时间表达；当前工具不使用时为空""
        },
        ""device"": {
            ""type"": ""string"",
            ""description"": ""设备标识，当前工具不使用""
        },
        ""location"": {
            ""type"": ""string"",
            ""description"": ""位置标识，当前工具不使用""
        }
    },
    ""required"": [
        ""operation"",
        ""object""
    ]
}",,,,,,,,,,,,,
3,timer_control,定时控制,,功能：负责设备定时控制与查询，包括定时开机、定时关机、定时熄屏，以及查询剩余关机时长。,,"{
    ""type"": ""object"",
    ""properties"": {
        ""operation"": {
            ""type"": ""string"",
            ""description"": ""操作类型，可选值：打开、关闭"",
            ""enum"": [
                ""打开"",
                ""关闭""
            ]
        },
        ""object"": {
            ""type"": ""string"",
            ""description"": ""控制对象，可选范围：关机；熄屏；剩余关机时长""
        },
        ""value"": {
            ""type"": ""string"",
            ""description"": ""控制值说明：定时时间点/时间段/定时；—""
        },
        ""date_time"": {
            ""type"": ""string"",
            ""description"": ""定时或时间表达；当前工具不使用时为空""
        },
        ""device"": {
            ""type"": ""string"",
            ""description"": ""设备标识，当前工具不使用""
        },
        ""location"": {
            ""type"": ""string"",
            ""description"": ""位置标识，当前工具不使用""
        }
    },
    ""required"": [
        ""operation"",
        ""object""
    ]
}",,,,,,,,,,,,,
4,source_switch,信号源切换,,功能：负责电视设备的输入信号源控制，控制项包括信号源的切换、打开和关闭，信号源包括HDMI、typec、usb、VGA、分量、视频、Switch、xbox、ps4、ps5、机顶盒、模拟电视、数字电视、地面数字电视、直播电视。,,"{
    ""type"": ""object"",
    ""properties"": {
        ""operation"": {
            ""type"": ""string"",
            ""description"": ""操作类型，可选值：打开、关闭、设置"",
            ""enum"": [
                ""打开"",
                ""关闭"",
                ""设置""
            ]
        },
        ""object"": {
            ""type"": ""string"",
            ""description"": ""控制对象，可选范围：信号源；[信号源]；HDMI选择；机顶盒 / 绑定机顶盒；模拟电视 / 数字电视 / 地面数字电视 / 直播电视""
        },
        ""value"": {
            ""type"": ""string"",
            ""description"": ""控制值说明：—；HDMI1/HDMI2/HDMI3/HDMI4/前置HDMI/侧置HDMI/侧置hdmi1/侧置hdmi2/音视频输入/typec/usb/VGA/分量/视频1/视频2/视频/switch/xbox/ps4/ps5""
        },
        ""date_time"": {
            ""type"": ""string"",
            ""description"": ""定时或时间表达；当前工具不使用时为空""
        },
        ""device"": {
            ""type"": ""string"",
            ""description"": ""设备标识，当前工具不使用""
        },
        ""location"": {
            ""type"": ""string"",
            ""description"": ""位置标识，当前工具不使用""
        }
    },
    ""required"": [
        ""operation"",
        ""object""
    ]
}",,,,,,,,,,,,,
5,playback_control,播放控制,,功能：负责设备的播放控制，控制项包括播放、停止、退出、重播、快进、快退、跳转、列表播放、顺序播放、随机播放、循环播放、上一个、下一个等。,,"{
    ""type"": ""object"",
    ""properties"": {
        ""operation"": {
            ""type"": ""string"",
            ""description"": ""操作类型，可选值：快进、快退、跳转、快进到、快退到、播放、停止、退出、重播、列表播放、顺序播放、随机播放、换序播放、单曲循环、上、下、循环播放、切换"",
            ""enum"": [
                ""快进"",
                ""快退"",
                ""跳转"",
                ""快进到"",
                ""快退到"",
                ""播放"",
                ""停止"",
                ""退出"",
                ""重播"",
                ""列表播放"",
                ""顺序播放"",
                ""随机播放"",
                ""换序播放"",
                ""单曲循环"",
                ""上"",
                ""下"",
                ""循环播放"",
                ""切换""
            ]
        },
        ""object"": {
            ""type"": ""string"",
            ""description"": ""控制对象，可选范围：[播放控制]；[播放列表]""
        },
        ""value"": {
            ""type"": ""string"",
            ""description"": ""控制值说明：时间点或时间段；—""
        },
        ""date_time"": {
            ""type"": ""string"",
            ""description"": ""定时或时间表达；当前工具不使用时为空""
        },
        ""device"": {
            ""type"": ""string"",
            ""description"": ""设备标识，当前工具不使用""
        },
        ""location"": {
            ""type"": ""string"",
            ""description"": ""位置标识，当前工具不使用""
        }
    },
    ""required"": [
        ""operation"",
        ""object""
    ]
}",,,,,,,,,,,,,
6,video_picture_save_share,视频图片存储分享控制,,功能：负责设备中视频和图片的存储和分享控制，包括视频或图片的保存、删除，以及分享到微信和抖音等。,,"{
    ""type"": ""object"",
    ""properties"": {
        ""operation"": {
            ""type"": ""string"",
            ""description"": ""操作类型，可选值：保存、删除、分享"",
            ""enum"": [
                ""保存"",
                ""删除"",
                ""分享""
            ]
        },
        ""object"": {
            ""type"": ""string"",
            ""description"": ""控制对象，可选范围：[视频/图片]""
        },
        ""value"": {
            ""type"": ""string"",
            ""description"": ""控制值说明：PREFIX / SUFFIX / ALL / CUSTOM / CURRENT / 空；同上；微信/抖音""
        },
        ""date_time"": {
            ""type"": ""string"",
            ""description"": ""定时或时间表达；当前工具不使用时为空""
        },
        ""device"": {
            ""type"": ""string"",
            ""description"": ""设备标识，当前工具不使用""
        },
        ""location"": {
            ""type"": ""string"",
            ""description"": ""位置标识，当前工具不使用""
        }
    },
    ""required"": [
        ""operation"",
        ""object""
    ]
}",,,,,,,,,,,,,
7,mode_control,模式控制,,功能：负责设备的模式控制，负责实现各种模式的切换控制，包括图像模式、声音模式、音效模式、混响模式、整机模式、护眼模式、商场模式等。,,"{
    ""type"": ""object"",
    ""properties"": {
        ""operation"": {
            ""type"": ""string"",
            ""description"": ""操作类型，可选值：设置、打开、关闭"",
            ""enum"": [
                ""设置"",
                ""打开"",
                ""关闭""
            ]
        },
        ""object"": {
            ""type"": ""string"",
            ""description"": ""控制对象，可选范围：图像模式；声音模式；音效模式；护眼模式；播报方式；混响模式；熄屏模式（无 date_time）；音箱模式 / 音箱模式开关 / 电视模式 / 月光模式；会议模式 / 观赛模式 / 聊球模式 / 省电模式；ai环境模式；商场模式""
        },
        ""value"": {
            ""type"": ""string"",
            ""description"": ""控制值说明：标准/鲜艳/儿童/体育/影院/游戏；AI音质/标准/影院/音乐/体育/新闻/儿童/长辈/游戏；杜比/流行/舞曲/蓝调/古典/爵士/慢歌/电子乐/摇滚/乡村/自定义；低档/中档/高档（1/2/3）；简洁/全程；—""
        },
        ""date_time"": {
            ""type"": ""string"",
            ""description"": ""定时或时间表达；当前工具不使用时为空""
        },
        ""device"": {
            ""type"": ""string"",
            ""description"": ""设备标识，当前工具不使用""
        },
        ""location"": {
            ""type"": ""string"",
            ""description"": ""位置标识，当前工具不使用""
        }
    },
    ""required"": [
        ""operation"",
        ""object""
    ]
}",,,,,,,,,,,,,
8,screen_layout,画面布局,,功能：负责电视屏幕画面布局的控制，包括分屏、全屏、小屏、画面缩放。,,"{
    ""type"": ""object"",
    ""properties"": {
        ""operation"": {
            ""type"": ""string"",
            ""description"": ""操作类型，可选值：打开/关闭/上/下/左/右/放大/缩小/设置""
        },
        ""object"": {
            ""type"": ""string"",
            ""description"": ""控制对象，如分屏、全屏、小屏、隐藏分屏、显示分屏、画面""
        },
        ""value"": {
            ""type"": ""string"",
            ""description"": ""分屏状态或画面方向/缩放值；无对应值时为空""
        },
        ""date_time"": {
            ""type"": ""string"",
            ""description"": ""定时或时间表达；当前工具不使用时为空""
        },
        ""device"": {
            ""type"": ""string"",
            ""description"": ""设备标识，当前工具不使用""
        },
        ""location"": {
            ""type"": ""string"",
            ""description"": ""位置标识，当前工具不使用""
        }
    },
    ""required"": [
        ""operation"",
        ""object""
    ]
}",,,,,,,,,,,,,
9,screen_lift_rotation,屏幕升降旋转,,功能：负责显示屏的物理旋转和升降控制，包括横屏、竖屏、自由角度旋转、支架升高或降低。,,"{
    ""type"": ""object"",
    ""properties"": {
        ""operation"": {
            ""type"": ""string"",
            ""description"": ""操作类型，可选值：设置、打开、关闭、提高、降低"",
            ""enum"": [
                ""设置"",
                ""打开"",
                ""关闭"",
                ""提高"",
                ""降低""
            ]
        },
        ""object"": {
            ""type"": ""string"",
            ""description"": ""控制对象，可选范围：电视旋转；自动旋转；竖屏短视频；支架""
        },
        ""value"": {
            ""type"": ""string"",
            ""description"": ""控制值说明：度数/横屏/竖屏/左转/右转；—""
        },
        ""date_time"": {
            ""type"": ""string"",
            ""description"": ""定时或时间表达；当前工具不使用时为空""
        },
        ""device"": {
            ""type"": ""string"",
            ""description"": ""设备标识，当前工具不使用""
        },
        ""location"": {
            ""type"": ""string"",
            ""description"": ""位置标识，当前工具不使用""
        }
    },
    ""required"": [
        ""operation"",
        ""object""
    ]
}",,,,,,,,,,,,,
10,demo_control,演示控制,,功能：负责设备效果演示的打开或关闭控制，包括关键词演示、展示、demo、体验。,,"{
    ""type"": ""object"",
    ""properties"": {
        ""operation"": {
            ""type"": ""string"",
            ""description"": ""操作类型，可选值：打开/关闭/演示/展示/体验""
        },
        ""object"": {
            ""type"": ""string"",
            ""description"": ""控制对象，如demo演示、图卡demo、系统信息演示、产品展示、屏幕展示、分屏演示、智能暂停演示、智能节能演示、ULED超画质演示、全维ai画质演示、亮暗精控演示、晶彩色控演示、高对比度演示、高清晰度演示、超解像演示、2K转4K演示、超高清演示、自动景深优化演示、杜比全景声演示、屏幕发声demo、屏幕发声展示、帝瓦雷音响体验、wifi6演示、家庭私有云演示、极速屏演示""
        },
        ""value"": {
            ""type"": ""string"",
            ""description"": ""演示项名称；无对应值时为空""
        },
        ""date_time"": {
            ""type"": ""string"",
            ""description"": ""定时或时间表达；当前工具不使用时为空""
        },
        ""device"": {
            ""type"": ""string"",
            ""description"": ""设备标识，当前工具不使用""
        },
        ""location"": {
            ""type"": ""string"",
            ""description"": ""位置标识，当前工具不使用""
        }
    },
    ""required"": [
        ""operation"",
        ""object""
    ]
}",,,,,,,,,,,,,
11,display_control,画质背光开关控制,,功能：负责设备画质、背光、畸变校正相关功的打开或者关闭控制。,,"{
    ""type"": ""object"",
    ""properties"": {
        ""operation"": {
            ""type"": ""string"",
            ""description"": ""操作类型，可选值：打开/关闭""
        },
        ""object"": {
            ""type"": ""string"",
            ""description"": ""控制对象，如测试图卡、跑马灯、观看尺寸参考、图像设置、白平衡增益设置、运动图像补偿、运动补偿、运动画面增强、立体防抖、3D设置、原画显示、数字艺术、Imax_Enhanced、高色准、环境光感智能、全时图像优化、RGB光色同控、智控红光、ULED_XDR、U加超画质引擎、睿智AI映画、全程HDR、SDR转HDR、HDR增强、HDR细节增强、XDR极致动态范围、高动态范围、量子点四维真实还原系统、量子点真实色彩还原、真实色彩还原、臻彩高色域、BT2020立体色域、立体全色域、3D立体色彩管理、色彩精准设计、AI色彩均衡、暗场细节提升、全域明暗精控、疾速对比、动态清晰度增强、背光分区、全矩阵背光、Mini全阵列动态背光、多分区Local_Dimming背光、MiniLed、MicroLED、低蓝光护眼、几何校正、梯形校正、自动对焦、自适应亮度、防射眼""
        },
        ""value"": {
            ""type"": ""string"",
            ""description"": ""控制值，当前工具通常为空""
        },
        ""date_time"": {
            ""type"": ""string"",
            ""description"": ""定时或时间表达；当前工具不使用时为空""
        },
        ""device"": {
            ""type"": ""string"",
            ""description"": ""设备标识，当前工具不使用""
        },
        ""location"": {
            ""type"": ""string"",
            ""description"": ""位置标识，当前工具不使用""
        }
    },
    ""required"": [
        ""operation"",
        ""object""
    ]
}",,,,,,,,,,,,,
12,audio_control,音质音效开关控制,,功能：负责设备音质、音效相关功能的打开或者关闭控制。,,"{
    ""type"": ""object"",
    ""properties"": {
        ""operation"": {
            ""type"": ""string"",
            ""description"": ""操作类型，可选值：打开/关闭""
        },
        ""object"": {
            ""type"": ""string"",
            ""description"": ""控制对象，如按键音、切换声音、声音设置、声音主题定制、音乐氛围墙、杜比全景声、Hi无线杜比全景声、全景声音量控制、中置声场、人声中置声场、立体音效、多声道空间声场、空间声场自适应、多声道音响、数字剧院音效、影院音效演示、赛场音效、DTS_Virtual_X音效、WAVES音效、waves超重低音、电视音频增强、原音复刻引擎、ai音效自适应、AI双音效、全维ai音质、AI人声清晰、屏幕发声效果、发声区域、帝瓦雷音响系统、帝瓦雷低音管理系统、大冲程低音炮、8声道独立驱动发声、房间声学、火箭炮声学设计、全场景麦克设置""
        },
        ""value"": {
            ""type"": ""string"",
            ""description"": ""控制值，当前工具通常为空""
        },
        ""date_time"": {
            ""type"": ""string"",
            ""description"": ""定时或时间表达；当前工具不使用时为空""
        },
        ""device"": {
            ""type"": ""string"",
            ""description"": ""设备标识，当前工具不使用""
        },
        ""location"": {
            ""type"": ""string"",
            ""description"": ""位置标识，当前工具不使用""
        }
    },
    ""required"": [
        ""operation"",
        ""object""
    ]
}",,,,,,,,,,,,,
13,smart_camera,摄像头/AI视觉/传感,,功能：负责摄像头、雷达、AI视觉相关功能的打开和关闭。,,"{
    ""type"": ""object"",
    ""properties"": {
        ""operation"": {
            ""type"": ""string"",
            ""description"": ""操作类型，可选值：打开/关闭/设置/调整""
        },
        ""object"": {
            ""type"": ""string"",
            ""description"": ""控制对象，如摄像头、摄像头设置、摄像头控制开关、摄像头控制模式、摄像头锁、手动控制摄像头锁帮助、手动调整摄像头、自动调整摄像头、摄像头单次俯仰控制、云台摄像头使用模式、全景云台摄像头、摄像头表情控制、智能升降、开机全时段升起、首次使用升起、智能设置、照镜子、手势控制、坐姿检测、毫米波雷达、智慧之眼、全时云守护、千人云视频、儿童云关爱、AI云健身、自动入幕、一键入幕""
        },
        ""value"": {
            ""type"": ""string"",
            ""description"": ""控制值，当前工具通常为空""
        },
        ""date_time"": {
            ""type"": ""string"",
            ""description"": ""定时或时间表达；当前工具不使用时为空""
        },
        ""device"": {
            ""type"": ""string"",
            ""description"": ""设备标识，当前工具不使用""
        },
        ""location"": {
            ""type"": ""string"",
            ""description"": ""位置标识，当前工具不使用""
        }
    },
    ""required"": [
        ""operation"",
        ""object""
    ]
}",,,,,,,,,,,,,
14,network_control,网络设置,,功能：负责设备网络功能的打开和关闭。,,"{
    ""type"": ""object"",
    ""properties"": {
        ""operation"": {
            ""type"": ""string"",
            ""description"": ""操作类型，可选值：打开/关闭/查询/设置/测试""
        },
        ""object"": {
            ""type"": ""string"",
            ""description"": ""控制对象，如无线网络、有线网络、网络设置、网络信息、无线热点、网络测速、网络连接测试、WIFI信道、wifi强度测试、wifi全时推送""
        },
        ""value"": {
            ""type"": ""string"",
            ""description"": ""网络参数、信道或测试项；无对应值时为空""
        },
        ""date_time"": {
            ""type"": ""string"",
            ""description"": ""定时或时间表达；当前工具不使用时为空""
        },
        ""device"": {
            ""type"": ""string"",
            ""description"": ""设备标识，当前工具不使用""
        },
        ""location"": {
            ""type"": ""string"",
            ""description"": ""位置标识，当前工具不使用""
        }
    },
    ""required"": [
        ""operation"",
        ""object""
    ]
}",,,,,,,,,,,,,
15,screensaver_control,屏保控制,,功能：负责设备屏幕保护的控制，包括屏幕的开启、关闭；屏保、壁纸的开启、关闭和设置；熄屏、亮屏、待机、睡眠的开启和关闭。,,"{
    ""type"": ""object"",
    ""properties"": {
        ""operation"": {
            ""type"": ""string"",
            ""description"": ""操作类型，可选值：打开、关闭、设置、切换"",
            ""enum"": [
                ""打开"",
                ""关闭"",
                ""设置"",
                ""切换""
            ]
        },
        ""object"": {
            ""type"": ""string"",
            ""description"": ""控制对象，可选范围：屏幕；屏保 / 壁纸 / 壁画；屏保选择 / 屏保画册 / 定时屏保；待机 / 睡眠 / 显示待机 / 待机唤醒 / 待机选项；夜间关屏 / 睡眠关屏；ai壁纸 / ai节日壁纸 / ai动画""
        },
        ""value"": {
            ""type"": ""string"",
            ""description"": ""控制值说明：—；num/CURRENT/空""
        },
        ""date_time"": {
            ""type"": ""string"",
            ""description"": ""定时或时间表达；当前工具不使用时为空""
        },
        ""device"": {
            ""type"": ""string"",
            ""description"": ""设备标识，当前工具不使用""
        },
        ""location"": {
            ""type"": ""string"",
            ""description"": ""位置标识，当前工具不使用""
        }
    },
    ""required"": [
        ""operation"",
        ""object""
    ]
}",,,,,,,,,,,,,
16,common_control,其他功能开关控制,,功能：负责设备兜底功能的打开和关闭。,,"{
    ""type"": ""object"",
    ""properties"": {
        ""operation"": {
            ""type"": ""string"",
            ""description"": ""操作类型，可选值：打开/关闭/设置/查询/返回/切换/导入/更新/恢复""
        },
        ""object"": {
            ""type"": ""string"",
            ""description"": ""控制对象，如主页、多任务切换、设置、系统设置、通用设置、蓝牙设置、个性化定制界面、语言设置、输入法、输入法设置、区域设置、颜色主题定制、主题、快速启动键定制、开机图片定制、关机动画定制、关于电视、本机信息、版本号、版本更新记录、服务协议、我的账号、服务中心、存储空间、内存提速、卸载应用、垃圾清理、启动管理、安全查杀、权限管理、软件更新、系统更新、恢复出厂设置、遥控器喜爱键、遥控器直播键、遥控器快捷键、寻找遥控器、cec开关、录音、远场语音开关、安装耳机语音服务、安装眼镜语音服务、退下、返回、待命、再见、商场模式设置、地震预警、演示片源、文件导入、演示项视频导入、待机灯效、开机灯效、电源灯、多屏互动、一触即播、媒体中心、u盘、dlna、samba、家庭相册、幻灯片、家庭私有云、NAS私有云""
        },
        ""value"": {
            ""type"": ""string"",
            ""description"": ""区域设置时填写城市名；其他对象按用户表达填写或为空""
        },
        ""date_time"": {
            ""type"": ""string"",
            ""description"": ""定时或时间表达；当前工具不使用时为空""
        },
        ""device"": {
            ""type"": ""string"",
            ""description"": ""设备标识，当前工具不使用""
        },
        ""location"": {
            ""type"": ""string"",
            ""description"": ""位置标识，当前工具不使用""
        }
    },
    ""required"": [
        ""operation"",
        ""object""
    ]
}",,,,,,,,,,,,,
17,solve_picture_sound_problem_control,解决音画问题控制,,功能：负责处理设备图像和声音问题的控制，解决只描述设备控制类问题的请求，包括图像控制类问题、声音控制类问题。,,"{
    ""type"": ""object"",
    ""properties"": {
        ""intent"": {
            ""type"": ""string"",
            ""description"": ""画质/音效问题或观影场景意图，如 colors_oversaturated、colors_washed_out、cold_color_cast、red_color_cast、warm_color_cast、dark_areas_crushed、highlights_overexposed、lack_of_clarity、image_noise_obvious、motion_not_smooth、motion_not_sharp、poor_eye_comfort、image_mode_movie、flickering_brightness、image_mode_auto、voice_not_clear、lack_stereo_surround、bass_effect_poor""
        }
    },
    ""required"": [
        ""intent""
    ]
}",,,,,,,,,,,,,